STCODE,STNAME,DIST,DISTNAME,YEAR,N_TC,P_TC,K_TC,NPK_TC
1,Andhra Pradesh,44,Srikakulam,1966,5360,1712,0,7072
1,Andhra Pradesh,44,Srikakulam,1967,3614,519,227,4360
1,Andhra Pradesh,44,Srikakulam,1968,3235,314,0,3549
1,Andhra Pradesh,44,Srikakulam,1969,4626,570,7,5203
1,Andhra Pradesh,44,Srikakulam,1970,5958,603,125,6686
1,Andhra Pradesh,44,Srikakulam,1971,5045,741,0,5786
1,Andhra Pradesh,44,Srikakulam,1972,5417,1265,49,6731
1,Andhra Pradesh,44,Srikakulam,1973,6245,1999,212,8456
1,Andhra Pradesh,44,Srikakulam,1974,6610,2448,487,9545
1,Andhra Pradesh,44,Srikakulam,1975,8628,1156,284,10068
1,Andhra Pradesh,44,Srikakulam,1976,8372,1653,200,10225
1,Andhra Pradesh,44,Srikakulam,1977,10421,1928,127,12476
1,Andhra Pradesh,44,Srikakulam,1978,10906,1570,74,12550
1,Andhra Pradesh,44,Srikakulam,1979,12889,1543,112,14544
1,Andhra Pradesh,44,Srikakulam,1980,13355,1348,210,14913
1,Andhra Pradesh,44,Srikakulam,1981,17585,2605,155,20345
1,Andhra Pradesh,44,Srikakulam,1982,20106,2087,116,22309
1,Andhra Pradesh,44,Srikakulam,1983,17371,3687,122,21180
1,Andhra Pradesh,44,Srikakulam,1984,19007,4930,172,24109
1,Andhra Pradesh,44,Srikakulam,1985,21322,6616,266,28204
1,Andhra Pradesh,44,Srikakulam,1986,25244,5962,191,31397
1,Andhra Pradesh,44,Srikakulam,1987,18065,4878,254,23197
1,Andhra Pradesh,44,Srikakulam,1988,32965,6501,814,40280
1,Andhra Pradesh,44,Srikakulam,1989,30844,9385,773,41002
1,Andhra Pradesh,44,Srikakulam,1990,31000,9303,1381,41684
1,Andhra Pradesh,44,Srikakulam,1991,36701,9102,2572,48375
1,Andhra Pradesh,44,Srikakulam,1992,37866,9379,1696,48941
1,Andhra Pradesh,44,Srikakulam,1993,43999,7221,1952,53172
1,Andhra Pradesh,44,Srikakulam,1994,39477,6928,2337,48742
1,Andhra Pradesh,44,Srikakulam,1995,39477,6928,2337,48742
1,Andhra Pradesh,44,Srikakulam,1996,37862,9599,1952,49413
1,Andhra Pradesh,44,Srikakulam,1997,33201,8039,3010,44249
1,Andhra Pradesh,44,Srikakulam,1998,40167,11016,3129,54311
1,Andhra Pradesh,44,Srikakulam,1999,40167,11016,3129,54311
1,Andhra Pradesh,44,Srikakulam,2000,40670,11736,4328,56733
1,Andhra Pradesh,44,Srikakulam,2001,36883,10766,4533,52182
1,Andhra Pradesh,44,Srikakulam,2002,31178,9885,3831,44893
1,Andhra Pradesh,44,Srikakulam,2003,37806,12193,5360,55358
1,Andhra Pradesh,44,Srikakulam,2004,39322,13032,5394,57747
1,Andhra Pradesh,44,Srikakulam,2005,39270,12284,5894,57448
1,Andhra Pradesh,44,Srikakulam,2006,44796,12886,7672,65354
1,Andhra Pradesh,44,Srikakulam,2007,42542,12845,8618,64004
1,Andhra Pradesh,44,Srikakulam,2008,45140,13899,13602,72641
1,Andhra Pradesh,44,Srikakulam,2009,45595,18654,13006,77254
1,Andhra Pradesh,44,Srikakulam,2010,49817,20425,13964,84205
1,Andhra Pradesh,44,Srikakulam,2011,55459,22257,6866,84582
1,Andhra Pradesh,45,Visakhapatnam,1966,3226,1431,0,4657
1,Andhra Pradesh,45,Visakhapatnam,1967,2900,686,341,3927
1,Andhra Pradesh,45,Visakhapatnam,1968,3068,474,0,3542
1,Andhra Pradesh,45,Visakhapatnam,1969,3874,880,6,4760
1,Andhra Pradesh,45,Visakhapatnam,1970,5798,1580,26,7404
1,Andhra Pradesh,45,Visakhapatnam,1971,4691,1155,22,5868
1,Andhra Pradesh,45,Visakhapatnam,1972,3367,930,67,4364
1,Andhra Pradesh,45,Visakhapatnam,1973,6062,1229,133,7424
1,Andhra Pradesh,45,Visakhapatnam,1974,4646,2126,798,7570
1,Andhra Pradesh,45,Visakhapatnam,1975,7496,581,123,8200
1,Andhra Pradesh,45,Visakhapatnam,1976,8900,1002,191,10093
1,Andhra Pradesh,45,Visakhapatnam,1977,12571,1616,124,14311
1,Andhra Pradesh,45,Visakhapatnam,1978,10611,1800,163,12574
1,Andhra Pradesh,45,Visakhapatnam,1979,7613,1232,86,8931
1,Andhra Pradesh,45,Visakhapatnam,1980,6893,1683,227,8803
1,Andhra Pradesh,45,Visakhapatnam,1981,9380,2615,135,12130
1,Andhra Pradesh,45,Visakhapatnam,1982,11649,1622,182,13453
1,Andhra Pradesh,45,Visakhapatnam,1983,11893,2160,124,14177
1,Andhra Pradesh,45,Visakhapatnam,1984,13016,2737,202,15955
1,Andhra Pradesh,45,Visakhapatnam,1985,14281,4103,404,18788
1,Andhra Pradesh,45,Visakhapatnam,1986,15288,3126,554,18968
1,Andhra Pradesh,45,Visakhapatnam,1987,11554,2891,154,14599
1,Andhra Pradesh,45,Visakhapatnam,1988,21902,3775,919,26596
1,Andhra Pradesh,45,Visakhapatnam,1989,36906,6897,1194,44997
1,Andhra Pradesh,45,Visakhapatnam,1990,36618,6831,1359,44808
1,Andhra Pradesh,45,Visakhapatnam,1991,28705,6413,2050,37168
1,Andhra Pradesh,45,Visakhapatnam,1992,33047,7922,1571,42540
1,Andhra Pradesh,45,Visakhapatnam,1993,32100,3600,1183,36883
1,Andhra Pradesh,45,Visakhapatnam,1994,32471,3371,1441,37283
1,Andhra Pradesh,45,Visakhapatnam,1995,32471,3371,1441,37283
1,Andhra Pradesh,45,Visakhapatnam,1996,33455,5512,4570,43537
1,Andhra Pradesh,45,Visakhapatnam,1997,31148,4591,1632,37370
1,Andhra Pradesh,45,Visakhapatnam,1998,33289,6084,1701,41073
1,Andhra Pradesh,45,Visakhapatnam,1999,33289,6084,1701,41073
1,Andhra Pradesh,45,Visakhapatnam,2000,32975,7112,2689,42775
1,Andhra Pradesh,45,Visakhapatnam,2001,29329,6217,5555,41101
1,Andhra Pradesh,45,Visakhapatnam,2002,24300,4466,4560,33325
1,Andhra Pradesh,45,Visakhapatnam,2003,29706,6698,6162,42565
1,Andhra Pradesh,45,Visakhapatnam,2004,32613,7956,4442,45010
1,Andhra Pradesh,45,Visakhapatnam,2005,33841,7709,5421,46971
1,Andhra Pradesh,45,Visakhapatnam,2006,38657,9252,6266,54175
1,Andhra Pradesh,45,Visakhapatnam,2007,32863,9137,6839,48838
1,Andhra Pradesh,45,Visakhapatnam,2008,33562,8468,8793,50823
1,Andhra Pradesh,45,Visakhapatnam,2009,39682,14749,8584,63015
1,Andhra Pradesh,45,Visakhapatnam,2010,36707,13526,9240,59472
1,Andhra Pradesh,45,Visakhapatnam,2011,41239,12880,5096,59215
1,Andhra Pradesh,46,East Godavari,1966,11758,5221,0,16979
1,Andhra Pradesh,46,East Godavari,1967,14250,3714,1257,19221
1,Andhra Pradesh,46,East Godavari,1968,20115,3729,51,23895
1,Andhra Pradesh,46,East Godavari,1969,18061,5966,133,24160
1,Andhra Pradesh,46,East Godavari,1970,13399,3512,902,17813
1,Andhra Pradesh,46,East Godavari,1971,15188,7732,214,23134
1,Andhra Pradesh,46,East Godavari,1972,18355,4765,1049,24169
1,Andhra Pradesh,46,East Godavari,1973,16961,6109,937,24007
1,Andhra Pradesh,46,East Godavari,1974,8781,1737,878,11396
1,Andhra Pradesh,46,East Godavari,1975,23150,4009,1730,28889
1,Andhra Pradesh,46,East Godavari,1976,26153,3280,1476,30909
1,Andhra Pradesh,46,East Godavari,1977,22880,6045,1433,30358
1,Andhra Pradesh,46,East Godavari,1978,42500,9256,3326,55082
1,Andhra Pradesh,46,East Godavari,1979,33580,7822,1926,43328
1,Andhra Pradesh,46,East Godavari,1980,30173,5869,2417,38459
1,Andhra Pradesh,46,East Godavari,1981,32498,9227,2625,44350
1,Andhra Pradesh,46,East Godavari,1982,38396,5917,4111,48424
1,Andhra Pradesh,46,East Godavari,1983,48424,11488,4815,64727
1,Andhra Pradesh,46,East Godavari,1984,40332,12850,4346,57528
1,Andhra Pradesh,46,East Godavari,1985,28736,6376,2563,37675
1,Andhra Pradesh,46,East Godavari,1986,50337,14790,6273,71400
1,Andhra Pradesh,46,East Godavari,1987,34333,9927,5429,49689
1,Andhra Pradesh,46,East Godavari,1988,61943,13620,6746,82309
1,Andhra Pradesh,46,East Godavari,1989,100809,26928,8245,135982
1,Andhra Pradesh,46,East Godavari,1990,105473,21087,7878,134438
1,Andhra Pradesh,46,East Godavari,1991,67510,19975,10865,98350
1,Andhra Pradesh,46,East Godavari,1992,75711,24224,8099,108034
1,Andhra Pradesh,46,East Godawari,1993,77398,19699,9820,106917
1,Andhra Pradesh,46,East Godavari,1994,85888,21472,11054,118414
1,Andhra Pradesh,46,East Godavari,1995,85888,21472,11054,118414
1,Andhra Pradesh,46,East Godavari,1996,85654,21317,15329,122300
1,Andhra Pradesh,46,East Godavari,1997,83578,23614,9002,116194
1,Andhra Pradesh,46,East Godavari,1998,91016,27881,14559,133456
1,Andhra Pradesh,46,East Godavari,1999,91016,27881,14559,133456
1,Andhra Pradesh,46,East Godavari,2000,98105,38313,19344,155762
1,Andhra Pradesh,46,East Godavari,2001,79832,41790,25365,146987
1,Andhra Pradesh,46,East Godavari,2002,73014,23601,22193,118808
1,Andhra Pradesh,46,East Godavari,2003,83889,29914,28020,141823
1,Andhra Pradesh,46,East Godavari,2004,88379,31770,28241,148390
1,Andhra Pradesh,46,East Godavari,2005,97687,34130,26128,157945
1,Andhra Pradesh,46,East Godavari,2006,88902,35564,20817,145283
1,Andhra Pradesh,46,East Godavari,2007,90381,38719,29649,158749
1,Andhra Pradesh,46,East Godavari,2008,100106,46584,33167,179857
1,Andhra Pradesh,46,East Godavari,2009,89762,33017,26813,149592
1,Andhra Pradesh,46,East Godavari,2010,113403,50030,29669,193102
1,Andhra Pradesh,46,East Godavari,2011,109804,47576,24757,182137
1,Andhra Pradesh,47,West Godavari,1966,-1,-1,-1,-1
1,Andhra Pradesh,47,West Godavari,1967,-1,-1,-1,-1
1,Andhra Pradesh,47,West Godavari,1968,30748,8040,1006,39794
1,Andhra Pradesh,47,West Godavari,1969,34554,5830,1135,41519
1,Andhra Pradesh,47,West Godavari,1970,19647,5508,1984,27139
1,Andhra Pradesh,47,West Godavari,1971,21606,7580,690,29876
1,Andhra Pradesh,47,West Godavari,1972,21606,7580,690,29876
1,Andhra Pradesh,47,West Godavari,1973,15765,6205,1143,23113
1,Andhra Pradesh,47,West Godavari,1974,23095,7313,2587,32995
1,Andhra Pradesh,47,West Godavari,1975,24868,4203,1492,30563
1,Andhra Pradesh,47,West Godavari,1976,19009,4663,1613,25285
1,Andhra Pradesh,47,West Godavari,1977,31997,12522,2604,47123
1,Andhra Pradesh,47,West Godavari,1978,40817,15015,2463,58295
1,Andhra Pradesh,47,West Godavari,1979,44602,17953,6134,68689
1,Andhra Pradesh,47,West Godavari,1980,42035,16587,5604,64226
1,Andhra Pradesh,47,West Godavari,1981,33828,13240,3807,50875
1,Andhra Pradesh,47,West Godavari,1982,37915,12297,5868,56080
1,Andhra Pradesh,47,West Godavari,1983,75708,29186,10028,114922
1,Andhra Pradesh,47,West Godavari,1984,85379,28012,8870,122261
1,Andhra Pradesh,47,West Godavari,1985,93664,38342,11620,143626
1,Andhra Pradesh,47,West Godavari,1986,90248,39003,12164,141415
1,Andhra Pradesh,47,West Godavari,1987,93025,41731,14419,149175
1,Andhra Pradesh,47,West Godavari,1988,127614,39765,15939,183318
1,Andhra Pradesh,47,West Godavari,1989,107829,41272,16874,165975
1,Andhra Pradesh,47,West Godavari,1990,109660,37969,18268,165897
1,Andhra Pradesh,47,West Godavari,1991,102951,40656,16298,159905
1,Andhra Pradesh,47,West Godavari,1992,100579,34340,10041,144960
1,Andhra Pradesh,47,West Godawari,1993,103795,36287,13004,153086
1,Andhra Pradesh,47,West Godavari,1994,112140,40082,15406,167628
1,Andhra Pradesh,47,West Godavari,1995,112140,40082,15406,167628
1,Andhra Pradesh,47,West Godavari,1996,107891,39982,17904,165777
1,Andhra Pradesh,47,West Godavari,1997,100029,46438,14587,161054
1,Andhra Pradesh,47,West Godavari,1998,93783,51701,22446,167930
1,Andhra Pradesh,47,West Godavari,1999,93783,51701,22446,167930
1,Andhra Pradesh,47,West Godavari,2000,118695,63152,21039,202886
1,Andhra Pradesh,47,West Godavari,2001,96072,53378,21552,171002
1,Andhra Pradesh,47,West Godavari,2002,95376,45925,25970,167271
1,Andhra Pradesh,47,West Godavari,2003,111311,50097,35350,196758
1,Andhra Pradesh,47,West Godavari,2004,118132,56164,47451,221747
1,Andhra Pradesh,47,West Godavari,2005,137614,63639,40493,241746
1,Andhra Pradesh,47,West Godavari,2006,128838,61270,34002,224110
1,Andhra Pradesh,47,West Godavari,2007,134933,65309,50046,250288
1,Andhra Pradesh,47,West Godavari,2008,151557,67728,53038,272323
1,Andhra Pradesh,47,West Godavari,2009,137942,66328,50833,255103
1,Andhra Pradesh,47,West Godavari,2010,134293,70224,53314,257831
1,Andhra Pradesh,47,West Godavari,2011,158725,80602,45612,284939
1,Andhra Pradesh,48,Krishna,1966,9962,5032,0,14994
1,Andhra Pradesh,48,Krishna,1967,21632,7560,990,30182
1,Andhra Pradesh,48,Krishna,1968,29405,8893,61,38359
1,Andhra Pradesh,48,Krishna,1969,34314,8482,494,43290
1,Andhra Pradesh,48,Krishna,1970,16668,7118,1879,25665
1,Andhra Pradesh,48,Krishna,1971,21363,9536,527,31426
1,Andhra Pradesh,48,Krishna,1972,19886,10513,2042,32441
1,Andhra Pradesh,48,Krishna,1973,12482,6218,1760,20460
1,Andhra Pradesh,48,Krishna,1974,10509,3686,2260,16455
1,Andhra Pradesh,48,Krishna,1975,21200,4268,921,26389
1,Andhra Pradesh,48,Krishna,1976,28487,10385,2696,41568
1,Andhra Pradesh,48,Krishna,1977,32540,13652,3517,49709
1,Andhra Pradesh,48,Krishna,1978,26362,7916,2947,37225
1,Andhra Pradesh,48,Krishna,1979,41548,15616,4972,62136
1,Andhra Pradesh,48,Krishna,1980,33940,9322,4679,47941
1,Andhra Pradesh,48,Krishna,1981,35450,14395,3540,53385
1,Andhra Pradesh,48,Krishna,1982,43032,13275,5916,62223
1,Andhra Pradesh,48,Krishna,1983,44698,14318,5926,64942
1,Andhra Pradesh,48,Krishna,1984,58572,20201,6556,85329
1,Andhra Pradesh,48,Krishna,1985,69392,21070,6680,97142
1,Andhra Pradesh,48,Krishna,1986,70072,33586,12019,115677
1,Andhra Pradesh,48,Krishna,1987,81925,30201,7507,119633
1,Andhra Pradesh,48,Krishna,1988,88844,38252,8922,136018
1,Andhra Pradesh,48,Krishna,1989,94844,39642,12654,147140
1,Andhra Pradesh,48,Krishna,1990,88818,37906,13052,139776
1,Andhra Pradesh,48,Krishna,1991,90678,41336,14142,146156
1,Andhra Pradesh,48,Krishna,1992,100232,35800,9888,145920
1,Andhra Pradesh,48,Krishna,1993,100621,37475,9024,147120
1,Andhra Pradesh,48,Krishna,1994,102856,40365,10807,154028
1,Andhra Pradesh,48,Krishna,1995,102856,40365,10807,154028
1,Andhra Pradesh,48,Krishna,1996,107980,38512,20987,167479
1,Andhra Pradesh,48,Krishna,1997,107673,42697,18860,169230
1,Andhra Pradesh,48,Krishna,1998,113502,53843,19073,186418
1,Andhra Pradesh,48,Krishna,1999,113502,53843,19073,186418
1,Andhra Pradesh,48,Krishna,2000,104451,53168,34417,192036
1,Andhra Pradesh,48,Krishna,2001,90750,44810,42153,177713
1,Andhra Pradesh,48,Krishna,2002,78352,34506,27778,140636
1,Andhra Pradesh,48,Krishna,2003,89268,38810,26223,154301
1,Andhra Pradesh,48,Krishna,2004,87928,41187,29726,158841
1,Andhra Pradesh,48,Krishna,2005,117923,55996,40480,214399
1,Andhra Pradesh,48,Krishna,2006,104666,52902,40393,197961
1,Andhra Pradesh,48,Krishna,2007,107649,52029,32779,192457
1,Andhra Pradesh,48,Krishna,2008,118725,53729,36801,209255
1,Andhra Pradesh,48,Krishna,2009,117120,59015,34603,210738
1,Andhra Pradesh,48,Krishna,2010,136922,70715,37400,245037
1,Andhra Pradesh,48,Krishna,2011,121694,62897,19952,204543
1,Andhra Pradesh,49,Guntur,1966,12977,5871,0,18848
1,Andhra Pradesh,49,Guntur,1967,22608,6132,1972,30712
1,Andhra Pradesh,49,Guntur,1968,30622,10434,190,41246
1,Andhra Pradesh,49,Guntur,1969,39952,10318,134,50404
1,Andhra Pradesh,49,Guntur,1970,41123,10911,4550,56584
1,Andhra Pradesh,49,Guntur,1971,30174,14957,1182,46313
1,Andhra Pradesh,49,Guntur,1972,23657,13840,2291,39788
1,Andhra Pradesh,49,Guntur,1973,20491,3736,3798,28025
1,Andhra Pradesh,49,Guntur,1974,32567,7255,3578,43400
1,Andhra Pradesh,49,Guntur,1975,44437,11313,3862,59612
1,Andhra Pradesh,49,Guntur,1976,51145,14485,5876,71506
1,Andhra Pradesh,49,Guntur,1977,67483,32182,11026,110691
1,Andhra Pradesh,49,Guntur,1978,55275,19543,8173,82991
1,Andhra Pradesh,49,Guntur,1979,47826,15151,5156,68133
1,Andhra Pradesh,49,Guntur,1980,62490,19055,6930,88475
1,Andhra Pradesh,49,Guntur,1981,59229,26133,10810,96172
1,Andhra Pradesh,49,Guntur,1982,95980,34860,10096,140936
1,Andhra Pradesh,49,Guntur,1983,71921,34264,13371,119556
1,Andhra Pradesh,49,Guntur,1984,112199,51422,22785,186406
1,Andhra Pradesh,49,Guntur,1985,85845,47663,16997,150505
1,Andhra Pradesh,49,Guntur,1986,70912,31467,11223,113602
1,Andhra Pradesh,49,Guntur,1987,76072,28832,9454,114358
1,Andhra Pradesh,49,Guntur,1988,123991,50738,19034,193763
1,Andhra Pradesh,49,Guntur,1989,151042,62446,19317,232805
1,Andhra Pradesh,49,Guntur,1990,138583,55156,22456,216195
1,Andhra Pradesh,49,Guntur,1991,118847,60396,17473,196716
1,Andhra Pradesh,49,Guntur,1992,116321,47246,8385,171952
1,Andhra Pradesh,49,Guntur,1993,126377,48858,8604,183839
1,Andhra Pradesh,49,Guntur,1994,134145,47623,13790,195558
1,Andhra Pradesh,49,Guntur,1995,134145,47623,13789,195557
1,Andhra Pradesh,49,Guntur,1996,128993,43439,11050,183482
1,Andhra Pradesh,49,Guntur,1997,124387,47799,12981,185168
1,Andhra Pradesh,49,Guntur,1998,142230,64876,19421,226526
1,Andhra Pradesh,49,Guntur,1999,142230,64876,19421,226526
1,Andhra Pradesh,49,Guntur,2000,135606,63194,19317,218116
1,Andhra Pradesh,49,Guntur,2001,131214,64816,18114,214143
1,Andhra Pradesh,49,Guntur,2002,96737,47100,16771,160608
1,Andhra Pradesh,49,Guntur,2003,112497,55293,22124,189914
1,Andhra Pradesh,49,Guntur,2004,135613,72408,29418,237440
1,Andhra Pradesh,49,Guntur,2005,160558,80559,33302,274419
1,Andhra Pradesh,49,Guntur,2006,165152,92802,33399,291354
1,Andhra Pradesh,49,Guntur,2007,181991,92490,42941,317422
1,Andhra Pradesh,49,Guntur,2008,191457,110347,51027,352832
1,Andhra Pradesh,49,Guntur,2009,199102,128806,48519,376427
1,Andhra Pradesh,49,Guntur,2010,216731,138440,48170,403342
1,Andhra Pradesh,49,Guntur,2011,221213,127614,29517,378344
1,Andhra Pradesh,50,Nellore,1966,3556,982,0,4538
1,Andhra Pradesh,50,Nellore,1967,7882,1166,792,9840
1,Andhra Pradesh,50,Nellore,1968,6988,1920,0,8908
1,Andhra Pradesh,50,Nellore,1969,7078,2544,304,9926
1,Andhra Pradesh,50,Nellore,1970,17021,3813,1641,22475
1,Andhra Pradesh,50,Nellore,1971,9859,4013,611,14483
1,Andhra Pradesh,50,Nellore,1972,8064,4019,1255,13338
1,Andhra Pradesh,50,Nellore,1973,9637,4178,2043,15858
1,Andhra Pradesh,50,Nellore,1974,10181,3866,2244,16291
1,Andhra Pradesh,50,Nellore,1975,13283,2664,1265,17212
1,Andhra Pradesh,50,Nellore,1976,16238,4118,1762,22118
1,Andhra Pradesh,50,Nellore,1977,18491,5676,2273,26440
1,Andhra Pradesh,50,Nellore,1978,16318,3312,1950,21580
1,Andhra Pradesh,50,Nellore,1979,13524,3385,1466,18375
1,Andhra Pradesh,50,Nellore,1980,15013,3486,2253,20752
1,Andhra Pradesh,50,Nellore,1981,28678,12006,3972,44656
1,Andhra Pradesh,50,Nellore,1982,20604,6964,5631,33199
1,Andhra Pradesh,50,Nellore,1983,43884,15133,7212,66229
1,Andhra Pradesh,50,Nellore,1984,55019,18356,7718,81093
1,Andhra Pradesh,50,Nellore,1985,43235,17233,9841,70309
1,Andhra Pradesh,50,Nellore,1986,47209,15443,8299,70951
1,Andhra Pradesh,50,Nellore,1987,45616,13660,6423,65699
1,Andhra Pradesh,50,Nellore,1988,59295,16210,8704,84209
1,Andhra Pradesh,50,Nellore,1989,61805,18321,9250,89376
1,Andhra Pradesh,50,Nellore,1990,69272,23040,9619,101931
1,Andhra Pradesh,50,Nellore,1991,71470,27556,10045,109071
1,Andhra Pradesh,50,Nellore,1992,76456,26614,5134,108204
1,Andhra Pradesh,50,Nellore,1993,68173,18206,4392,90771
1,Andhra Pradesh,50,Nellore,1994,68583,20248,7070,95901
1,Andhra Pradesh,50,Nellore,1995,68583,20248,7070,95902
1,Andhra Pradesh,50,Nellore,1996,66845,20755,5143,92744
1,Andhra Pradesh,50,Nellore,1997,67342,25690,7631,100663
1,Andhra Pradesh,50,Nellore,1998,76353,33488,11149,120990
1,Andhra Pradesh,50,Nellore,1999,76353,33488,11149,120990
1,Andhra Pradesh,50,Nellore,2000,72295,28833,10134,111262
1,Andhra Pradesh,50,Nellore,2001,71123,32173,8991,112287
1,Andhra Pradesh,50,Nellore,2002,66828,27724,10471,105022
1,Andhra Pradesh,50,Nellore,2003,57120,24789,8851,90759
1,Andhra Pradesh,50,Nellore,2004,71787,33195,14173,119155
1,Andhra Pradesh,50,Nellore,2005,88088,42944,15927,146959
1,Andhra Pradesh,50,Nellore,2006,96646,46031,15167,157844
1,Andhra Pradesh,50,Nellore,2007,95465,45005,22320,162789
1,Andhra Pradesh,50,Nellore,2008,109573,58795,23050,191418
1,Andhra Pradesh,50,Nellore,2009,128098,62958,29880,220937
1,Andhra Pradesh,50,Nellore,2010,122014,67599,25000,214613
1,Andhra Pradesh,50,Nellore,2011,122392,63681,19876,205950
1,Andhra Pradesh,51,Kurnool,1966,4321,1035,0,5356
1,Andhra Pradesh,51,Kurnool,1967,9104,4359,968,14431
1,Andhra Pradesh,51,Kurnool,1968,20278,8315,32,28625
1,Andhra Pradesh,51,Kurnool,1969,13414,7731,422,21567
1,Andhra Pradesh,51,Kurnool,1970,17467,8756,1730,27953
1,Andhra Pradesh,51,Kurnool,1971,10500,2675,124,13299
1,Andhra Pradesh,51,Kurnool,1972,12193,3015,2261,17469
1,Andhra Pradesh,51,Kurnool,1973,12639,7336,2532,22507
1,Andhra Pradesh,51,Kurnool,1974,12506,4100,2864,19470
1,Andhra Pradesh,51,Kurnool,1975,12210,4858,1487,18555
1,Andhra Pradesh,51,Kurnool,1976,16460,6950,1635,25045
1,Andhra Pradesh,51,Kurnool,1977,25172,14768,4153,44093
1,Andhra Pradesh,51,Kurnool,1978,27952,11411,3746,43109
1,Andhra Pradesh,51,Kurnool,1979,20366,9917,3432,33715
1,Andhra Pradesh,51,Kurnool,1980,20129,9899,3320,33348
1,Andhra Pradesh,51,Kurnool,1981,29272,12842,6735,48849
1,Andhra Pradesh,51,Kurnool,1982,35253,16344,10295,61892
1,Andhra Pradesh,51,Kurnool,1983,29583,15305,5780,50668
1,Andhra Pradesh,51,Kurnool,1984,26396,14921,5457,46774
1,Andhra Pradesh,51,Kurnool,1985,23806,14232,6103,44141
1,Andhra Pradesh,51,Kurnool,1986,18100,10991,4695,33786
1,Andhra Pradesh,51,Kurnool,1987,37182,23467,7780,68429
1,Andhra Pradesh,51,Kurnool,1988,30512,18154,5906,54572
1,Andhra Pradesh,51,Kurnool,1989,39611,24058,7017,70686
1,Andhra Pradesh,51,Kurnool,1990,46616,29717,8886,85219
1,Andhra Pradesh,51,Kurnool,1991,51551,34925,10056,96532
1,Andhra Pradesh,51,Kurnool,1992,54244,35298,6861,96403
1,Andhra Pradesh,51,Kurnool,1993,63629,35010,7690,106329
1,Andhra Pradesh,51,Kurnool,1994,58420,34078,11545,104043
1,Andhra Pradesh,51,Kurnool,1995,58420,34078,11545,104043
1,Andhra Pradesh,51,Kurnool,1996,68452,38280,12085,118817
1,Andhra Pradesh,51,Kurnool,1997,68644,36638,10680,115961
1,Andhra Pradesh,51,Kurnool,1998,74589,49785,12497,136871
1,Andhra Pradesh,51,Kurnool,1999,74589,49785,12497,136871
1,Andhra Pradesh,51,Kurnool,2000,86752,53880,15850,156482
1,Andhra Pradesh,51,Kurnool,2001,76759,47634,15252,139645
1,Andhra Pradesh,51,Kurnool,2002,67269,42302,15295,124866
1,Andhra Pradesh,51,Kurnool,2003,65604,44514,16288,126406
1,Andhra Pradesh,51,Kurnool,2004,79655,60509,19538,159702
1,Andhra Pradesh,51,Kurnool,2005,101845,68049,25654,195549
1,Andhra Pradesh,51,Kurnool,2006,92440,66420,18988,177849
1,Andhra Pradesh,51,Kurnool,2007,101963,67063,32119,201146
1,Andhra Pradesh,51,Kurnool,2008,112222,82894,35366,230482
1,Andhra Pradesh,51,Kurnool,2009,124060,92729,39313,256102
1,Andhra Pradesh,51,Kurnool,2010,127189,101451,34935,263575
1,Andhra Pradesh,51,Kurnool,2011,132491,101944,21964,256399
1,Andhra Pradesh,52,Anantapur,1966,2735,269,0,3004
1,Andhra Pradesh,52,Anantapur,1967,6278,1042,24,7344
1,Andhra Pradesh,52,Anantapur,1968,4990,756,0,5746
1,Andhra Pradesh,52,Anantapur,1969,5890,772,51,6713
1,Andhra Pradesh,52,Anantapur,1970,3124,910,154,4188
1,Andhra Pradesh,52,Anantapur,1971,3107,6328,1002,10437
1,Andhra Pradesh,52,Anantapur,1972,2296,1007,599,3902
1,Andhra Pradesh,52,Anantapur,1973,3348,1246,583,5177
1,Andhra Pradesh,52,Anantapur,1974,5204,626,756,6586
1,Andhra Pradesh,52,Anantapur,1975,4853,859,549,6261
1,Andhra Pradesh,52,Anantapur,1976,5373,1236,413,7022
1,Andhra Pradesh,52,Anantapur,1977,6508,2748,1132,10388
1,Andhra Pradesh,52,Anantapur,1978,9491,3761,3043,16295
1,Andhra Pradesh,52,Anantapur,1979,6116,2732,1517,10365
1,Andhra Pradesh,52,Anantapur,1980,5789,2640,1732,10161
1,Andhra Pradesh,52,Anantapur,1981,13074,4470,2098,19642
1,Andhra Pradesh,52,Anantapur,1982,7114,3178,2006,12298
1,Andhra Pradesh,52,Anantapur,1983,7638,3999,1437,13074
1,Andhra Pradesh,52,Anantapur,1984,5529,4499,1527,11555
1,Andhra Pradesh,52,Anantapur,1985,4825,4060,1466,10351
1,Andhra Pradesh,52,Anantapur,1986,4908,2648,1016,8572
1,Andhra Pradesh,52,Anantapur,1987,7647,4515,2577,14739
1,Andhra Pradesh,52,Anantapur,1988,21735,13403,5751,40889
1,Andhra Pradesh,52,Anantapur,1989,25192,16586,6116,47894
1,Andhra Pradesh,52,Anantapur,1990,24837,16766,6734,48337
1,Andhra Pradesh,52,Anantapur,1991,23635,17349,5856,46840
1,Andhra Pradesh,52,Anantapur,1992,23977,16170,3673,43820
1,Andhra Pradesh,52,Anantapur,1993,25093,12505,3570,41168
1,Andhra Pradesh,52,Anantapur,1994,26164,13555,5173,44892
1,Andhra Pradesh,52,Anantapur,1995,26164,13555,5173,44892
1,Andhra Pradesh,52,Anantapur,1996,25645,13766,5910,45321
1,Andhra Pradesh,52,Anantapur,1997,30992,16979,5771,53742
1,Andhra Pradesh,52,Anantapur,1998,27054,17475,5535,50064
1,Andhra Pradesh,52,Anantapur,1999,27054,17475,5535,50064
1,Andhra Pradesh,52,Anantapur,2000,32955,19773,8562,61290
1,Andhra Pradesh,52,Anantapur,2001,33480,21795,11789,67064
1,Andhra Pradesh,52,Anantapur,2002,32271,21893,13187,67351
1,Andhra Pradesh,52,Anantapur,2003,24689,16157,10965,51811
1,Andhra Pradesh,52,Anantapur,2004,27731,22376,11379,61486
1,Andhra Pradesh,52,Anantapur,2005,34732,28110,16092,78934
1,Andhra Pradesh,52,Anantapur,2006,32499,23240,14553,70292
1,Andhra Pradesh,52,Anantapur,2007,43442,24820,17127,85389
1,Andhra Pradesh,52,Anantapur,2008,42782,33703,20948,97433
1,Andhra Pradesh,52,Anantapur,2009,54451,38611,26363,119425
1,Andhra Pradesh,52,Anantapur,2010,60705,42480,25911,129096
1,Andhra Pradesh,52,Anantapur,2011,59683,44209,16785,120677
1,Andhra Pradesh,53,Cuddapah,1966,2151,205,0,2356
1,Andhra Pradesh,53,Cuddapah,1967,5296,1099,158,6553
1,Andhra Pradesh,53,Cuddapah,1968,15775,2191,0,17966
1,Andhra Pradesh,53,Cuddapah,1969,5655,2144,204,8003
1,Andhra Pradesh,53,Cuddapah,1970,5688,2875,353,8916
1,Andhra Pradesh,53,Cuddapah,1971,7528,2733,342,10603
1,Andhra Pradesh,53,Cuddapah,1972,5445,2935,874,9254
1,Andhra Pradesh,53,Cuddapah,1973,6706,2801,1008,10515
1,Andhra Pradesh,53,Cuddapah,1974,5721,1778,672,8171
1,Andhra Pradesh,53,Cuddapah,1975,4772,1502,349,6623
1,Andhra Pradesh,53,Cuddapah,1976,8820,2325,438,11583
1,Andhra Pradesh,53,Cuddapah,1977,6441,2570,392,9403
1,Andhra Pradesh,53,Cuddapah,1978,11850,4273,736,16859
1,Andhra Pradesh,53,Cuddapah,1979,10887,4334,1192,16413
1,Andhra Pradesh,53,Cuddapah,1980,12058,4367,1205,17630
1,Andhra Pradesh,53,Cuddapah,1981,17606,5132,1765,24503
1,Andhra Pradesh,53,Cuddapah,1982,12068,4826,1550,18444
1,Andhra Pradesh,53,Cuddapah,1983,11907,4119,1219,17245
1,Andhra Pradesh,53,Cuddapah,1984,13802,6994,1861,22657
1,Andhra Pradesh,53,Cuddapah,1985,11687,6681,1908,20276
1,Andhra Pradesh,53,Cuddapah,1986,10045,5533,1743,17321
1,Andhra Pradesh,53,Cuddapah,1987,16514,8252,2297,27063
1,Andhra Pradesh,53,Cuddapah,1988,22573,10221,2819,35613
1,Andhra Pradesh,53,Cuddapah,1989,26551,11540,2255,40346
1,Andhra Pradesh,53,Cuddapah,1990,33007,16007,5081,54095
1,Andhra Pradesh,53,Cuddapah,1991,30607,20213,5220,56040
1,Andhra Pradesh,53,Cuddapah,1992,29143,14104,2552,45799
1,Andhra Pradesh,53,Cuddapah,1993,33287,13188,2745,49220
1,Andhra Pradesh,53,Cuddapah,1994,32195,12690,3069,47954
1,Andhra Pradesh,53,Cuddapah,1995,32195,12690,3069,47954
1,Andhra Pradesh,53,Cuddapah,1996,34395,16203,4496,55094
1,Andhra Pradesh,53,Cuddapah,1997,35521,16779,4265,56565
1,Andhra Pradesh,53,Cuddapah,1998,34405,17358,4290,56053
1,Andhra Pradesh,53,Cuddapah,1999,34405,17358,4290,56053
1,Andhra Pradesh,53,Cuddapah,2000,33607,17323,4881,55811
1,Andhra Pradesh,53,Cuddapah,2001,31391,18489,4356,54236
1,Andhra Pradesh,53,Cuddapah,2002,26320,17325,6159,49804
1,Andhra Pradesh,53,Cuddapah,2003,23265,13909,5397,42571
1,Andhra Pradesh,53,Cuddapah,2004,26917,16708,6369,49994
1,Andhra Pradesh,53,Cuddapah,2005,29865,19792,6798,56455
1,Andhra Pradesh,53,Cuddapah,2006,26408,15511,6764,48683
1,Andhra Pradesh,53,Cuddapah,2007,31762,17223,13786,62771
1,Andhra Pradesh,53,Cuddapah,2008,38806,33254,20134,92194
1,Andhra Pradesh,53,Kadapa,2009,40257,31737,19223,91216
1,Andhra Pradesh,53,Kadapa,2010,44275,35165,18059,97499
1,Andhra Pradesh,53,Kadapa,2011,45740,36350,15765,97855
1,Andhra Pradesh,54,Chittoor,1966,4543,275,0,4818
1,Andhra Pradesh,54,Chittoor,1967,5543,1733,118,7394
1,Andhra Pradesh,54,Chittoor,1968,4559,1361,0,5920
1,Andhra Pradesh,54,Chittoor,1969,4495,1980,183,6658
1,Andhra Pradesh,54,Chittoor,1970,5907,2307,318,8532
1,Andhra Pradesh,54,Chittoor,1971,3829,1910,301,6040
1,Andhra Pradesh,54,Chittoor,1972,7410,2478,275,10163
1,Andhra Pradesh,54,Chittoor,1973,6686,2761,1228,10675
1,Andhra Pradesh,54,Chittoor,1974,7680,1717,744,10141
1,Andhra Pradesh,54,Chittoor,1975,8285,1671,628,10584
1,Andhra Pradesh,54,Chittoor,1976,7589,1965,696,10250
1,Andhra Pradesh,54,Chittoor,1977,11429,4014,1683,17126
1,Andhra Pradesh,54,Chittoor,1978,12036,3994,2380,18410
1,Andhra Pradesh,54,Chittoor,1979,12354,3182,2482,18018
1,Andhra Pradesh,54,Chittoor,1980,9059,2787,1100,12946
1,Andhra Pradesh,54,Chittoor,1981,17318,3542,1872,22732
1,Andhra Pradesh,54,Chittoor,1982,9219,4179,2071,15469
1,Andhra Pradesh,54,Chittoor,1983,12585,4071,1630,18286
1,Andhra Pradesh,54,Chittoor,1984,15970,5961,3355,25286
1,Andhra Pradesh,54,Chittoor,1985,16103,7504,2854,26461
1,Andhra Pradesh,54,Chittoor,1986,14457,7939,2667,25063
1,Andhra Pradesh,54,Chittoor,1987,12654,6706,2720,22080
1,Andhra Pradesh,54,Chittoor,1988,27011,9799,4829,41639
1,Andhra Pradesh,54,Chittoor,1989,23526,8917,3981,36424
1,Andhra Pradesh,54,Chittoor,1990,22612,9785,3218,35615
1,Andhra Pradesh,54,Chittoor,1991,24865,13454,4496,42815
1,Andhra Pradesh,54,Chittoor,1992,24883,10347,2707,37937
1,Andhra Pradesh,54,Chittoor,1993,28869,7853,3647,40369
1,Andhra Pradesh,54,Chittoor,1994,32176,8407,4902,45485
1,Andhra Pradesh,54,Chittoor,1995,32176,8407,4902,45485
1,Andhra Pradesh,54,Chittoor,1996,29152,9523,5213,43888
1,Andhra Pradesh,54,Chittoor,1997,28286,8906,4315,41507
1,Andhra Pradesh,54,Chittoor,1998,30032,11139,5623,46794
1,Andhra Pradesh,54,Chittoor,1999,30032,11139,5623,46794
1,Andhra Pradesh,54,Chittoor,2000,31299,10288,6488,48075
1,Andhra Pradesh,54,Chittoor,2001,30217,10899,5742,46858
1,Andhra Pradesh,54,Chittoor,2002,25330,9377,5927,40634
1,Andhra Pradesh,54,Chittoor,2003,21709,8897,5664,36270
1,Andhra Pradesh,54,Chittoor,2004,25940,11362,8280,45582
1,Andhra Pradesh,54,Chittoor,2005,33641,11105,7387,52133
1,Andhra Pradesh,54,Chittoor,2006,30789,10632,6142,47563
1,Andhra Pradesh,54,Chittoor,2007,35091,9593,7324,52008
1,Andhra Pradesh,54,Chittoor,2008,42063,15928,9758,67749
1,Andhra Pradesh,54,Chittoor,2009,46025,18000,11998,76023
1,Andhra Pradesh,54,Chittoor,2010,39815,18228,9713,67756
1,Andhra Pradesh,54,Chittoor,2011,42879,18170,8562,69611
1,Andhra Pradesh,55,Hyderabad,1966,1227,586,0,1813
1,Andhra Pradesh,55,Hyderabad,1967,5158,1182,22,6362
1,Andhra Pradesh,55,Hyderabad,1968,6144,2326,51,8521
1,Andhra Pradesh,55,Hyderabad,1969,5569,1544,8,7121
1,Andhra Pradesh,55,Hyderabad,1970,5940,1648,1115,8703
1,Andhra Pradesh,55,Hyderabad,1971,6652,2506,187,9345
1,Andhra Pradesh,55,Hyderabad,1972,5188,3244,584,9016
1,Andhra Pradesh,55,Hyderabad,1973,6402,1507,345,8254
1,Andhra Pradesh,55,Hyderabad,1974,3135,647,360,4142
1,Andhra Pradesh,55,Hyderabad,1975,5227,798,269,6294
1,Andhra Pradesh,55,Hyderabad,1976,3087,837,189,4113
1,Andhra Pradesh,55,Hyderabad,1977,3925,1028,305,5258
1,Andhra Pradesh,55,Hyderabad,1978,5490,1759,418,7667
1,Andhra Pradesh,55,Hyderabad,1979,5001,1920,335,7256
1,Andhra Pradesh,55,Hyderabad,1980,4353,1523,509,6385
1,Andhra Pradesh,55,Hyderabad,1981,12696,3521,1530,17747
1,Andhra Pradesh,55,Hyderabad,1982,7018,2155,1151,10324
1,Andhra Pradesh,55,Hyderabad,1983,17302,7374,3029,27705
1,Andhra Pradesh,55,Hyderabad,1984,10461,5122,1007,16590
1,Andhra Pradesh,55,Hyderabad,1985,10304,4993,1839,17136
1,Andhra Pradesh,55,Hyderabad,1986,5293,3187,437,8917
1,Andhra Pradesh,55,Hyderabad,1987,12938,7506,1280,21724
1,Andhra Pradesh,55,Hyderabad,1988,10398,7076,1341,18815
1,Andhra Pradesh,55,Hyderabad,1989,18802,9022,2427,30251
1,Andhra Pradesh,55,Hyderabad,1990,28897,14144,3302,46343
1,Andhra Pradesh,55,Hyderabad,1991,31218,16146,3150,50514
1,Andhra Pradesh,55,Hyderabad,1992,37323,16520,3335,57178
1,Andhra Pradesh,55,Hyderabad,1993,38343,16969,3166,58478
1,Andhra Pradesh,55,Hyderabad,1994,46237,16096,3664,65997
1,Andhra Pradesh,55,Hyderabad,1995,46237,16096,3664,65997
1,Andhra Pradesh,55,Hyderabad,1996,56748,19981,3913,80642
1,Andhra Pradesh,55,Hyderabad,1997,66052,14335,5570,85957
1,Andhra Pradesh,55,Hyderabad,1998,51368,24694,6639,82701
1,Andhra Pradesh,55,Hyderabad,1999,51368,24694,6639,82701
1,Andhra Pradesh,55,Hyderabad,2000,54623,45923,15797,116343
1,Andhra Pradesh,55,Hyderabad,2001,48740,33080,21464,103284
1,Andhra Pradesh,55,Hyderabad,2002,44783,20337,16525,81645
1,Andhra Pradesh,55,Hyderabad,2003,49487,25349,20722,95558
1,Andhra Pradesh,55,Hyderabad,2004,56149,25255,31102,112506
1,Andhra Pradesh,55,Hyderabad,2005,71171,38934,35405,145510
1,Andhra Pradesh,55,Hyderabad,2006,57954,30927,50902,139783
1,Andhra Pradesh,55,Hyderabad,2007,67655,38113,30436,136204
1,Andhra Pradesh,55,Hyderabad,2008,57893,24691,11799,94383
1,Andhra Pradesh,55,Hyderabad,2009,77743,39141,24302,141186
1,Andhra Pradesh,55,Hyderabad,2010,51967,32325,22820,107112
1,Andhra Pradesh,55,Hyderabad,2011,73717,45382,13454,132553
1,Andhra Pradesh,56,Nizamabad,1966,7603,1734,0,9337
1,Andhra Pradesh,56,Nizamabad,1967,11472,3455,981,15908
1,Andhra Pradesh,56,Nizamabad,1968,12547,4680,112,17339
1,Andhra Pradesh,56,Nizamabad,1969,14125,4660,28,18813
1,Andhra Pradesh,56,Nizamabad,1970,16228,3284,348,19860
1,Andhra Pradesh,56,Nizamabad,1971,14237,4883,310,19430
1,Andhra Pradesh,56,Nizamabad,1972,8376,4404,209,12989
1,Andhra Pradesh,56,Nizamabad,1973,4616,2409,434,7459
1,Andhra Pradesh,56,Nizamabad,1974,10027,1827,505,12359
1,Andhra Pradesh,56,Nizamabad,1975,20428,3230,1159,24817
1,Andhra Pradesh,56,Nizamabad,1976,22413,6130,670,29213
1,Andhra Pradesh,56,Nizamabad,1977,20150,5395,729,26274
1,Andhra Pradesh,56,Nizamabad,1978,40098,21392,4439,65929
1,Andhra Pradesh,56,Nizamabad,1979,28592,11384,2044,42020
1,Andhra Pradesh,56,Nizamabad,1980,37159,10143,2107,49409
1,Andhra Pradesh,56,Nizamabad,1981,36084,9221,1892,47197
1,Andhra Pradesh,56,Nizamabad,1982,48128,10803,3088,62019
1,Andhra Pradesh,56,Nizamabad,1983,62515,18506,3950,84971
1,Andhra Pradesh,56,Nizamabad,1984,46416,14736,3762,64914
1,Andhra Pradesh,56,Nizamabad,1985,39391,12555,2688,54634
1,Andhra Pradesh,56,Nizamabad,1986,37235,10981,2225,50441
1,Andhra Pradesh,56,Nizamabad,1987,38842,14620,2610,56072
1,Andhra Pradesh,56,Nizamabad,1988,37125,9437,1500,48062
1,Andhra Pradesh,56,Nizamabad,1989,43066,11775,3231,58072
1,Andhra Pradesh,56,Nizamabad,1990,59296,25033,4633,88962
1,Andhra Pradesh,56,Nizamabad,1991,51458,19923,2971,74352
1,Andhra Pradesh,56,Nizamabad,1992,43377,14504,1470,59351
1,Andhra Pradesh,56,Nizamabad,1993,54288,11650,1744,67682
1,Andhra Pradesh,56,Nizamabad,1994,48839,12959,2463,64261
1,Andhra Pradesh,56,Nizamabad,1995,48839,12959,2463,64261
1,Andhra Pradesh,56,Nizamabad,1996,61820,16063,3221,81104
1,Andhra Pradesh,56,Nizamabad,1997,60709,14019,2456,77184
1,Andhra Pradesh,56,Nizamabad,1998,65892,19183,4068,89143
1,Andhra Pradesh,56,Nizamabad,1999,65892,19183,4068,89143
1,Andhra Pradesh,56,Nizamabad,2000,72747,18994,5049,96790
1,Andhra Pradesh,56,Nizamabad,2001,58773,15137,4244,78154
1,Andhra Pradesh,56,Nizamabad,2002,53436,15353,2588,71377
1,Andhra Pradesh,56,Nizamabad,2003,60059,15766,3804,79629
1,Andhra Pradesh,56,Nizamabad,2004,53768,12842,6749,73359
1,Andhra Pradesh,56,Nizamabad,2005,87770,27384,11684,126838
1,Andhra Pradesh,56,Nizamabad,2006,84838,25262,13601,123701
1,Andhra Pradesh,56,Nizamabad,2007,82992,26057,15514,124563
1,Andhra Pradesh,56,Nizamabad,2008,92088,38748,19895,150731
1,Andhra Pradesh,56,Nizamabad,2009,80039,32833,18448,131320
1,Andhra Pradesh,56,Nizamabad,2010,104552,41464,19318,165334
1,Andhra Pradesh,56,Nizamabad,2011,112969,43762,14116,170847
1,Andhra Pradesh,57,Medak,1966,3386,144,0,3530
1,Andhra Pradesh,57,Medak,1967,3296,776,60,4132
1,Andhra Pradesh,57,Medak,1968,3803,567,0,4370
1,Andhra Pradesh,57,Medak,1969,4024,1082,2,5108
1,Andhra Pradesh,57,Medak,1970,4215,550,114,4879
1,Andhra Pradesh,57,Medak,1971,2549,911,39,3499
1,Andhra Pradesh,57,Medak,1972,1195,349,25,1569
1,Andhra Pradesh,57,Medak,1973,1968,462,123,2553
1,Andhra Pradesh,57,Medak,1974,4157,838,309,5304
1,Andhra Pradesh,57,Medak,1975,5177,663,206,6046
1,Andhra Pradesh,57,Medak,1976,7354,1704,120,9178
1,Andhra Pradesh,57,Medak,1977,6850,1886,287,9023
1,Andhra Pradesh,57,Medak,1978,9328,2683,567,12578
1,Andhra Pradesh,57,Medak,1979,7366,2048,364,9778
1,Andhra Pradesh,57,Medak,1980,6658,1677,842,9177
1,Andhra Pradesh,57,Medak,1981,10598,2967,520,14085
1,Andhra Pradesh,57,Medak,1982,11509,4447,730,16686
1,Andhra Pradesh,57,Medak,1983,14950,4385,667,20002
1,Andhra Pradesh,57,Medak,1984,14906,7080,1306,23292
1,Andhra Pradesh,57,Medak,1985,13570,4939,741,19250
1,Andhra Pradesh,57,Medak,1986,12340,3868,470,16678
1,Andhra Pradesh,57,Medak,1987,15711,6399,519,22629
1,Andhra Pradesh,57,Medak,1988,21858,5694,831,28383
1,Andhra Pradesh,57,Medak,1989,15880,4676,706,21262
1,Andhra Pradesh,57,Medak,1990,20992,8160,1039,30191
1,Andhra Pradesh,57,Medak,1991,23131,10986,1836,35953
1,Andhra Pradesh,57,Medak,1992,26457,9753,1499,37709
1,Andhra Pradesh,57,Medak,1993,23837,7491,688,32016
1,Andhra Pradesh,57,Medak,1994,25884,8590,1507,35981
1,Andhra Pradesh,57,Medak,1995,25884,8590,1507,35981
1,Andhra Pradesh,57,Medak,1996,31618,10386,1599,43603
1,Andhra Pradesh,57,Medak,1997,32783,7627,1551,41961
1,Andhra Pradesh,57,Medak,1998,37354,13575,2647,53576
1,Andhra Pradesh,57,Medak,1999,37354,13575,2647,53576
1,Andhra Pradesh,57,Medak,2000,45637,14747,3336,63720
1,Andhra Pradesh,57,Medak,2001,34138,11842,2881,48861
1,Andhra Pradesh,57,Medak,2002,31307,9682,1054,42043
1,Andhra Pradesh,57,Medak,2003,29084,8091,2433,39608
1,Andhra Pradesh,57,Medak,2004,28388,9210,3650,41248
1,Andhra Pradesh,57,Medak,2005,39746,13575,4812,58133
1,Andhra Pradesh,57,Medak,2006,33949,14209,5981,54139
1,Andhra Pradesh,57,Medak,2007,37649,13382,6950,57981
1,Andhra Pradesh,57,Medak,2008,54259,23712,13150,91121
1,Andhra Pradesh,57,Medak,2009,45006,19008,13913,77927
1,Andhra Pradesh,57,Medak,2010,76128,42979,18798,137905
1,Andhra Pradesh,57,Medak,2011,56053,25019,7129,88201
1,Andhra Pradesh,58,Mahabubnagar,1966,2095,328,0,2423
1,Andhra Pradesh,58,Mahabubnagar,1967,5537,1063,33,6633
1,Andhra Pradesh,58,Mahabubnagar,1968,5130,825,2,5957
1,Andhra Pradesh,58,Mahabubnagar,1969,4843,916,3,5762
1,Andhra Pradesh,58,Mahabubnagar,1970,5967,1049,418,7434
1,Andhra Pradesh,58,Mahabubnagar,1971,4238,1756,320,6314
1,Andhra Pradesh,58,Mahabubnagar,1972,5730,2462,1112,9304
1,Andhra Pradesh,58,Mahabubnagar,1973,4287,2123,698,7108
1,Andhra Pradesh,58,Mahabubnagar,1974,6973,1970,806,9749
1,Andhra Pradesh,58,Mahabubnagar,1975,7601,2371,604,10576
1,Andhra Pradesh,58,Mahabubnagar,1976,10265,2222,669,13156
1,Andhra Pradesh,58,Mahabubnagar,1977,10824,4533,1344,16701
1,Andhra Pradesh,58,Mahabubnagar,1978,13996,6645,1928,22569
1,Andhra Pradesh,58,Mahabubnagar,1979,15954,8145,1909,26008
1,Andhra Pradesh,58,Mahabubnagar,1980,13529,4888,1345,19762
1,Andhra Pradesh,58,Mahabubnagar,1981,17273,5830,2128,25231
1,Andhra Pradesh,58,Mahabubnagar,1982,13652,5998,2334,21984
1,Andhra Pradesh,58,Mahabubnagar,1983,19478,8427,2083,29988
1,Andhra Pradesh,58,Mahabubnagar,1984,21369,10352,2712,34433
1,Andhra Pradesh,58,Mahabubnagar,1985,13234,8253,1948,23435
1,Andhra Pradesh,58,Mahabubnagar,1986,18465,18282,4841,41588
1,Andhra Pradesh,58,Mahabubnagar,1987,18157,12496,2688,33341
1,Andhra Pradesh,58,Mahabubnagar,1988,33355,18058,4585,55998
1,Andhra Pradesh,58,Mahabubnagar,1989,30457,19690,3331,53478
1,Andhra Pradesh,58,Mahabubnagar,1990,32255,20365,4988,57608
1,Andhra Pradesh,58,Mahabubnagar,1991,39954,26064,5677,71695
1,Andhra Pradesh,58,Mahabubnagar,1992,30434,18163,2794,51391
1,Andhra Pradesh,58,Mahabubnagar,1993,33237,17056,3607,53900
1,Andhra Pradesh,58,Mahabubnagar,1994,31062,14758,4424,50244
1,Andhra Pradesh,58,Mahabubnagar,1995,31062,14758,4424,50244
1,Andhra Pradesh,58,Mahabubnagar,1996,42211,22175,5528,69914
1,Andhra Pradesh,58,Mahabubnagar,1997,41174,21951,6366,69491
1,Andhra Pradesh,58,Mahabubnagar,1998,48076,28149,5850,82075
1,Andhra Pradesh,58,Mahabubnagar,1999,48076,28149,5850,82075
1,Andhra Pradesh,58,Mahabubnagar,2000,47532,26612,6289,80433
1,Andhra Pradesh,58,Mahabubnagar,2001,35082,19888,4479,59449
1,Andhra Pradesh,58,Mahabubnagar,2002,37045,18865,3930,59840
1,Andhra Pradesh,58,Mahabubnagar,2003,39537,21848,5054,66439
1,Andhra Pradesh,58,Mahabubnagar,2004,30668,21115,4714,56497
1,Andhra Pradesh,58,Mahabubnagar,2005,52838,32495,8609,93942
1,Andhra Pradesh,58,Mahabubnagar,2006,40678,28634,5782,75094
1,Andhra Pradesh,58,Mahabubnagar,2007,51049,27922,12701,91672
1,Andhra Pradesh,58,Mahabubnagar,2008,51253,35894,16247,103394
1,Andhra Pradesh,58,Mahaboobnagar,2009,64325,38889,14447,117662
1,Andhra Pradesh,58,Mahabubnagar,2010,77259,48593,17739,143591
1,Andhra Pradesh,58,Mahabubnagar,2011,75158,51401,10208,136767
1,Andhra Pradesh,59,Nalgonda,1966,2428,280,0,2708
1,Andhra Pradesh,59,Nalgonda,1967,3825,726,59,4610
1,Andhra Pradesh,59,Nalgonda,1968,3987,901,0,4888
1,Andhra Pradesh,59,Nalgonda,1969,5135,1835,223,7193
1,Andhra Pradesh,59,Nalgonda,1970,5295,2434,502,8231
1,Andhra Pradesh,59,Nalgonda,1971,3823,2099,347,6269
1,Andhra Pradesh,59,Nalgonda,1972,4792,2691,517,8000
1,Andhra Pradesh,59,Nalgonda,1973,7938,3046,848,11832
1,Andhra Pradesh,59,Nalgonda,1974,8235,2443,877,11555
1,Andhra Pradesh,59,Nalgonda,1975,12793,4370,951,18114
1,Andhra Pradesh,59,Nalgonda,1976,11008,4242,777,16027
1,Andhra Pradesh,59,Nalgonda,1977,10767,4592,1210,16569
1,Andhra Pradesh,59,Nalgonda,1978,18651,8524,1764,28939
1,Andhra Pradesh,59,Nalgonda,1979,13670,5477,1716,20863
1,Andhra Pradesh,59,Nalgonda,1980,13147,5393,1171,19711
1,Andhra Pradesh,59,Nalgonda,1981,15252,4609,919,20780
1,Andhra Pradesh,59,Nalgonda,1982,22185,9252,2219,33656
1,Andhra Pradesh,59,Nalgonda,1983,17550,7614,1450,26614
1,Andhra Pradesh,59,Nalgonda,1984,30716,15134,3389,49239
1,Andhra Pradesh,59,Nalgonda,1985,22481,12131,3015,37627
1,Andhra Pradesh,59,Nalgonda,1986,14074,7852,1785,23711
1,Andhra Pradesh,59,Nalgonda,1987,23130,12100,2954,38184
1,Andhra Pradesh,59,Nalgonda,1988,33312,13724,2895,49931
1,Andhra Pradesh,59,Nalgonda,1989,40352,17681,3779,61812
1,Andhra Pradesh,59,Nalgonda,1990,34661,18759,3584,57004
1,Andhra Pradesh,59,Nalgonda,1991,40432,22636,4314,67382
1,Andhra Pradesh,59,Nalgonda,1992,48247,23559,3368,75174
1,Andhra Pradesh,59,Nalgonda,1993,60571,24387,4796,89754
1,Andhra Pradesh,59,Nalgonda,1994,68505,27349,8552,104406
1,Andhra Pradesh,59,Nalgonda,1995,68505,27349,8552,104406
1,Andhra Pradesh,59,Nalgonda,1996,61892,25778,7167,94837
1,Andhra Pradesh,59,Nalgonda,1997,69538,33518,8506,111562
1,Andhra Pradesh,59,Nalgonda,1998,83225,44116,8543,135884
1,Andhra Pradesh,59,Nalgonda,1999,83225,44116,8543,135884
1,Andhra Pradesh,59,Nalgonda,2000,83173,37666,8636,129475
1,Andhra Pradesh,59,Nalgonda,2001,68216,29872,6504,104592
1,Andhra Pradesh,59,Nalgonda,2002,44451,18755,4427,67633
1,Andhra Pradesh,59,Nalgonda,2003,55694,24625,7477,87796
1,Andhra Pradesh,59,Nalgonda,2004,66366,35606,14380,116352
1,Andhra Pradesh,59,Nalgonda,2005,96348,51249,14927,162524
1,Andhra Pradesh,59,Nalgonda,2006,97018,47496,10220,154734
1,Andhra Pradesh,59,Nalgonda,2007,102133,50596,21068,173797
1,Andhra Pradesh,59,Nalgonda,2008,113748,59260,27707,200715
1,Andhra Pradesh,59,Nalgonda,2009,109632,64009,27524,201166
1,Andhra Pradesh,59,Nalgonda,2010,141668,74875,22918,239461
1,Andhra Pradesh,59,Nalgonda,2011,127932,69334,14240,211506
1,Andhra Pradesh,60,Warangal,1966,2781,328,0,3109
1,Andhra Pradesh,60,Warangal,1967,5223,1044,40,6307
1,Andhra Pradesh,60,Warangal,1968,6010,1361,0,7371
1,Andhra Pradesh,60,Warangal,1969,7852,2179,14,10045
1,Andhra Pradesh,60,Warangal,1970,8286,3031,311,11628
1,Andhra Pradesh,60,Warangal,1971,8692,2697,204,11593
1,Andhra Pradesh,60,Warangal,1972,4882,2636,292,7810
1,Andhra Pradesh,60,Warangal,1973,4852,2158,708,7718
1,Andhra Pradesh,60,Warangal,1974,6376,696,628,7700
1,Andhra Pradesh,60,Warangal,1975,9744,1463,594,11801
1,Andhra Pradesh,60,Warangal,1976,16349,5043,2086,23478
1,Andhra Pradesh,60,Warangal,1977,15325,6283,1322,22930
1,Andhra Pradesh,60,Warangal,1978,22479,7452,1694,31625
1,Andhra Pradesh,60,Warangal,1979,19596,5494,1889,26979
1,Andhra Pradesh,60,Warangal,1980,21934,5934,1434,29302
1,Andhra Pradesh,60,Warangal,1981,24951,7810,1770,34531
1,Andhra Pradesh,60,Warangal,1982,30438,9751,2895,43084
1,Andhra Pradesh,60,Warangal,1983,36356,13878,2074,52308
1,Andhra Pradesh,60,Warangal,1984,22410,9892,1724,34026
1,Andhra Pradesh,60,Warangal,1985,15732,7458,1468,24658
1,Andhra Pradesh,60,Warangal,1986,13598,5319,1433,20350
1,Andhra Pradesh,60,Warangal,1987,30564,12512,2318,45394
1,Andhra Pradesh,60,Warangal,1988,72050,31855,5760,109665
1,Andhra Pradesh,60,Warangal,1989,65485,25460,3472,94417
1,Andhra Pradesh,60,Warangal,1990,66283,27297,3501,97081
1,Andhra Pradesh,60,Warangal,1991,59444,25217,4161,88822
1,Andhra Pradesh,60,Warangal,1992,52722,23528,2977,79227
1,Andhra Pradesh,60,Warangal,1993,60237,19834,2830,82901
1,Andhra Pradesh,60,Warangal,1994,69488,21996,3899,95383
1,Andhra Pradesh,60,Warangal,1995,69488,21996,3899,95383
1,Andhra Pradesh,60,Warangal,1996,73346,23701,4655,101702
1,Andhra Pradesh,60,Warangal,1997,82424,22635,4791,109850
1,Andhra Pradesh,60,Warangal,1998,87436,27548,4927,119911
1,Andhra Pradesh,60,Warangal,1999,87436,27548,4927,119911
1,Andhra Pradesh,60,Warangal,2000,87128,26604,7048,120780
1,Andhra Pradesh,60,Warangal,2001,74027,23742,8086,105855
1,Andhra Pradesh,60,Warangal,2002,61598,20267,7103,88968
1,Andhra Pradesh,60,Warangal,2003,79190,22021,9457,110668
1,Andhra Pradesh,60,Warangal,2004,60281,18136,9077,87494
1,Andhra Pradesh,60,Warangal,2005,89905,28205,15265,133375
1,Andhra Pradesh,60,Warangal,2006,90725,29609,11652,131986
1,Andhra Pradesh,60,Warangal,2007,94531,25970,19400,139901
1,Andhra Pradesh,60,Warangal,2008,99112,37543,29103,165758
1,Andhra Pradesh,60,Warangal,2009,75777,26936,21870,124583
1,Andhra Pradesh,60,Warangal,2010,126371,42748,25698,194817
1,Andhra Pradesh,60,Warangal,2011,113498,48686,14489,176673
1,Andhra Pradesh,61,Khammam,1966,995,506,0,1501
1,Andhra Pradesh,61,Khammam,1967,2086,459,27,2572
1,Andhra Pradesh,61,Khammam,1968,2656,773,0,3429
1,Andhra Pradesh,61,Khammam,1969,3629,905,57,4591
1,Andhra Pradesh,61,Khammam,1970,4727,2072,546,7345
1,Andhra Pradesh,61,Khammam,1971,5550,2176,295,8021
1,Andhra Pradesh,61,Khammam,1972,3963,2287,359,6609
1,Andhra Pradesh,61,Khammam,1973,4464,2294,703,7461
1,Andhra Pradesh,61,Khammam,1974,5241,1841,730,7812
1,Andhra Pradesh,61,Khammam,1975,6526,1245,208,7979
1,Andhra Pradesh,61,Khammam,1976,6926,3067,585,10578
1,Andhra Pradesh,61,Khammam,1977,14341,7735,1270,23346
1,Andhra Pradesh,61,Khammam,1978,13294,7682,981,21957
1,Andhra Pradesh,61,Khammam,1979,6730,2695,408,9833
1,Andhra Pradesh,61,Khammam,1980,5181,1585,415,7181
1,Andhra Pradesh,61,Khammam,1981,13847,2987,739,17573
1,Andhra Pradesh,61,Khammam,1982,14176,5340,1955,21471
1,Andhra Pradesh,61,Khammam,1983,22388,9094,3635,35117
1,Andhra Pradesh,61,Khammam,1984,21326,8462,1179,30967
1,Andhra Pradesh,61,Khammam,1985,17725,10092,1882,29699
1,Andhra Pradesh,61,Khammam,1986,25233,6866,1350,33449
1,Andhra Pradesh,61,Khammam,1987,22661,18601,2955,44217
1,Andhra Pradesh,61,Khammam,1988,24872,15069,2532,42473
1,Andhra Pradesh,61,Khammam,1989,33551,14262,2375,50188
1,Andhra Pradesh,61,Khammam,1990,39093,15969,3338,58400
1,Andhra Pradesh,61,Khammam,1991,39404,14554,3195,57153
1,Andhra Pradesh,61,Khammam,1992,43092,15894,2651,61637
1,Andhra Pradesh,61,Khammam,1993,41081,11817,2296,55194
1,Andhra Pradesh,61,Khammam,1994,47611,13969,3112,64692
1,Andhra Pradesh,61,Khammam,1995,47611,13969,3112,64692
1,Andhra Pradesh,61,Khammam,1996,42579,17296,3444,63319
1,Andhra Pradesh,61,Khammam,1997,50765,17473,4314,72552
1,Andhra Pradesh,61,Khammam,1998,52664,22445,4441,79550
1,Andhra Pradesh,61,Khammam,1999,52664,22445,4441,79550
1,Andhra Pradesh,61,Khammam,2000,53544,22114,6885,82543
1,Andhra Pradesh,61,Khammam,2001,44160,22082,5524,71766
1,Andhra Pradesh,61,Khammam,2002,38495,15132,4385,58012
1,Andhra Pradesh,61,Khammam,2003,46894,18061,6915,71870
1,Andhra Pradesh,61,Khammam,2004,47919,20027,8170,76116
1,Andhra Pradesh,61,Khammam,2005,66445,25659,7872,99976
1,Andhra Pradesh,61,Khammam,2006,62173,29018,9124,100315
1,Andhra Pradesh,61,Khammam,2007,70236,30369,15981,116586
1,Andhra Pradesh,61,Khammam,2008,69754,35600,22903,128257
1,Andhra Pradesh,61,Khammam,2009,64941,29200,17728,111869
1,Andhra Pradesh,61,Khammam,2010,90586,38922,21131,150639
1,Andhra Pradesh,61,Khammam,2011,75560,37116,9607,122283
1,Andhra Pradesh,62,Karimnagar,1966,4123,426,0,4549
1,Andhra Pradesh,62,Karimnagar,1967,6165,782,109,7056
1,Andhra Pradesh,62,Karimnagar,1968,6297,917,0,7214
1,Andhra Pradesh,62,Karimnagar,1969,5128,920,6,6054
1,Andhra Pradesh,62,Karimnagar,1970,9602,1345,206,11153
1,Andhra Pradesh,62,Karimnagar,1971,7207,1350,124,8681
1,Andhra Pradesh,62,Karimnagar,1972,3728,1809,576,6113
1,Andhra Pradesh,62,Karimnagar,1973,5794,2503,694,8991
1,Andhra Pradesh,62,Karimnagar,1974,9676,4241,2502,16419
1,Andhra Pradesh,62,Karimnagar,1975,12355,1871,769,14995
1,Andhra Pradesh,62,Karimnagar,1976,13841,4532,1021,19394
1,Andhra Pradesh,62,Karimnagar,1977,19671,6428,1501,27600
1,Andhra Pradesh,62,Karimnagar,1978,24797,7078,1875,33750
1,Andhra Pradesh,62,Karimnagar,1979,18068,5639,1810,25517
1,Andhra Pradesh,62,Karimnagar,1980,14138,3732,942,18812
1,Andhra Pradesh,62,Karimnagar,1981,19850,5687,1573,27110
1,Andhra Pradesh,62,Karimnagar,1982,26014,6633,3223,35870
1,Andhra Pradesh,62,Karimnagar,1983,30760,13679,4718,49157
1,Andhra Pradesh,62,Karimnagar,1984,25556,9514,2780,37850
1,Andhra Pradesh,62,Karimnagar,1985,16548,5111,1648,23307
1,Andhra Pradesh,62,Karimnagar,1986,32251,10693,3212,46156
1,Andhra Pradesh,62,Karimnagar,1987,17494,8528,1954,27976
1,Andhra Pradesh,62,Karimnagar,1988,40566,19585,5196,65347
1,Andhra Pradesh,62,Karimnagar,1989,58120,27684,4539,90343
1,Andhra Pradesh,62,Karimnagar,1990,62963,24493,4868,92324
1,Andhra Pradesh,62,Karimnagar,1991,54049,22472,4317,80838
1,Andhra Pradesh,62,Karimnagar,1992,55714,20022,2552,78288
1,Andhra Pradesh,62,Karimnagar,1993,55282,16559,3038,74879
1,Andhra Pradesh,62,Karimnagar,1994,60594,18042,5379,84015
1,Andhra Pradesh,62,Karimnagar,1995,60594,18042,5379,84015
1,Andhra Pradesh,62,Karimnagar,1996,75324,23543,7890,106757
1,Andhra Pradesh,62,Karimnagar,1997,69469,21530,5447,96446
1,Andhra Pradesh,62,Karimnagar,1998,82198,28604,5840,116642
1,Andhra Pradesh,62,Karimnagar,1999,82198,28604,5840,116642
1,Andhra Pradesh,62,Karimnagar,2000,103776,35230,7245,146251
1,Andhra Pradesh,62,Karimnagar,2001,89798,32094,7695,129587
1,Andhra Pradesh,62,Karimnagar,2002,86225,24622,9092,119939
1,Andhra Pradesh,62,Karimnagar,2003,95575,27018,10769,133362
1,Andhra Pradesh,62,Karimnagar,2004,54237,17121,7025,78383
1,Andhra Pradesh,62,Karimnagar,2005,112368,35366,14330,162064
1,Andhra Pradesh,62,Karimnagar,2006,114196,37611,15452,167259
1,Andhra Pradesh,62,Karimnagar,2007,113562,33786,18325,165673
1,Andhra Pradesh,62,Karimnagar,2008,139809,48262,32108,220179
1,Andhra Pradesh,62,Karimnagar,2009,106269,31887,20575,158731
1,Andhra Pradesh,62,Karimnagar,2010,146930,50070,29102,226102
1,Andhra Pradesh,62,Karimnagar,2011,151609,57493,15018,224120
1,Andhra Pradesh,63,Adilabad,1966,742,82,0,824
1,Andhra Pradesh,63,Adilabad,1967,1670,469,5,2144
1,Andhra Pradesh,63,Adilabad,1968,2205,515,0,2720
1,Andhra Pradesh,63,Adilabad,1969,1953,307,64,2324
1,Andhra Pradesh,63,Adilabad,1970,1896,320,66,2282
1,Andhra Pradesh,63,Adilabad,1971,407,249,124,780
1,Andhra Pradesh,63,Adilabad,1972,1127,470,70,1667
1,Andhra Pradesh,63,Adilabad,1973,1753,644,141,2538
1,Andhra Pradesh,63,Adilabad,1974,2901,893,258,4052
1,Andhra Pradesh,63,Adilabad,1975,2723,467,92,3282
1,Andhra Pradesh,63,Adilabad,1976,3008,566,81,3655
1,Andhra Pradesh,63,Adilabad,1977,3616,343,11,3970
1,Andhra Pradesh,63,Adilabad,1978,1777,375,70,2222
1,Andhra Pradesh,63,Adilabad,1979,3503,440,16,3959
1,Andhra Pradesh,63,Adilabad,1980,1885,581,130,2596
1,Andhra Pradesh,63,Adilabad,1981,11778,1562,198,13538
1,Andhra Pradesh,63,Adilabad,1982,5585,1304,176,7065
1,Andhra Pradesh,63,Adilabad,1983,5638,1933,152,7723
1,Andhra Pradesh,63,Adilabad,1984,6582,3176,273,10031
1,Andhra Pradesh,63,Adilabad,1985,7011,3380,505,10896
1,Andhra Pradesh,63,Adilabad,1986,7784,3935,316,12035
1,Andhra Pradesh,63,Adilabad,1987,5705,2558,283,8546
1,Andhra Pradesh,63,Adilabad,1988,11051,4741,258,16050
1,Andhra Pradesh,63,Adilabad,1989,14120,5439,414,19973
1,Andhra Pradesh,63,Adilabad,1990,17196,6353,296,23845
1,Andhra Pradesh,63,Adilabad,1991,11282,5591,763,17636
1,Andhra Pradesh,63,Adilabad,1992,10831,7310,500,18641
1,Andhra Pradesh,63,Adilabad,1993,15530,3839,278,19647
1,Andhra Pradesh,63,Adilabad,1994,15351,3253,675,19279
1,Andhra Pradesh,63,Adilabad,1995,15351,3253,675,19279
1,Andhra Pradesh,63,Adilabad,1996,15529,4981,924,21434
1,Andhra Pradesh,63,Adilabad,1997,15864,5126,1079,22069
1,Andhra Pradesh,63,Adilabad,1998,19625,7505,816,27946
1,Andhra Pradesh,63,Adilabad,1999,19625,7505,816,27946
1,Andhra Pradesh,63,Adilabad,2000,26226,8799,1985,37010
1,Andhra Pradesh,63,Adilabad,2001,22734,7331,2245,32310
1,Andhra Pradesh,63,Adilabad,2002,21397,6800,1808,30005
1,Andhra Pradesh,63,Adilabad,2003,26451,10046,3046,39543
1,Andhra Pradesh,63,Adilabad,2004,24734,13002,3083,40819
1,Andhra Pradesh,63,Adilabad,2005,30432,12909,3883,47224
1,Andhra Pradesh,63,Adilabad,2006,34755,16658,5180,56593
1,Andhra Pradesh,63,Adilabad,2007,42482,14591,8271,65344
1,Andhra Pradesh,63,Adilabad,2008,56934,23168,19231,99333
1,Andhra Pradesh,63,Adilabad,2009,58762,26104,11617,96483
1,Andhra Pradesh,63,Adilabad,2010,69297,31716,15283,116296
1,Andhra Pradesh,63,Adilabad,2011,79472,46963,9020,135455
