State_Name,District_Name,Crop_Year,Season,Crop,Area,Production
0,427,2000,Whole Year,Tapioca,40.0,169.0
0,427,2006,Whole Year,Tapioca,52.03,450.0
0,427,2010,Whole Year,Tapioca,69.0,575.0
0,429,2000,Whole Year,Tapioca,160.0,2108.0
0,429,2006,Whole Year,Tapioca,255.0,1420.0
0,429,2010,Whole Year,Tapioca,186.5,1355.0
0,559,2005,Whole Year,Tapioca,254.5,1480.0
0,559,2006,Whole Year,Tapioca,40.0,160.0
0,559,2010,Whole Year,Tapioca,22.5,220.0
1,122,2000,Whole Year,Tapioca,1.0,8.0
1,122,2008,Whole Year,Tapioca,3.0,37.0
1,122,2009,Whole Year,Tapioca,10.0,131.0
1,122,2010,Whole Year,Tapioca,15.0,99.0
1,122,2011,Whole Year,Tapioca,10.0,100.0
1,172,2000,Whole Year,Tapioca,20435.0,159148.0
1,172,2001,Whole Year,Tapioca,16781.0,140038.0
1,172,2002,Whole Year,Tapioca,12264.0,74651.0
1,172,2003,Whole Year,Tapioca,18768.0,117826.0
1,172,2004,Whole Year,Tapioca,19300.0,142087.0
1,172,2005,Whole Year,Tapioca,14660.0,122382.0
1,172,2006,Whole Year,Tapioca,19176.0,205260.0
1,172,2008,Whole Year,Tapioca,16210.0,205202.0
1,172,2009,Whole Year,Tapioca,10765.0,144412.0
1,172,2010,Whole Year,Tapioca,12391.0,82090.0
1,172,2011,Whole Year,Tapioca,12439.0,124228.0
1,172,2012,Kharif,Tapioca,11343.0,208870.0
1,172,2013,Kharif,Tapioca,10383.0,191193.0
1,217,2004,Whole Year,Tapioca,5.0,36.0
1,335,2000,Whole Year,Tapioca,4.0,31.0
1,335,2001,Whole Year,Tapioca,7.0,58.0
1,335,2002,Whole Year,Tapioca,2.0,12.0
1,566,2000,Whole Year,Tapioca,25.0,191.0
1,566,2001,Whole Year,Tapioca,25.0,207.0
1,566,2008,Whole Year,Tapioca,17.0,211.0
1,566,2010,Whole Year,Tapioca,4.0,26.0
1,567,2000,Whole Year,Tapioca,191.0,1462.0
1,567,2001,Whole Year,Tapioca,252.0,2085.0
1,567,2002,Whole Year,Tapioca,228.0,1381.0
1,567,2003,Whole Year,Tapioca,201.0,1262.0
1,567,2004,Whole Year,Tapioca,154.0,1123.0
1,567,2005,Whole Year,Tapioca,189.0,1560.0
1,567,2006,Whole Year,Tapioca,189.0,2005.0
1,567,2008,Whole Year,Tapioca,200.0,644.0
1,567,2009,Whole Year,Tapioca,201.0,630.0
1,567,2010,Whole Year,Tapioca,132.0,384.0
1,567,2011,Whole Year,Tapioca,72.0,414.0
1,567,2012,Kharif,Tapioca,56.0,1031.0
1,567,2013,Kharif,Tapioca,41.0,755.0
1,625,2000,Whole Year,Tapioca,554.0,3005.0
1,625,2001,Whole Year,Tapioca,447.0,2467.0
1,625,2002,Whole Year,Tapioca,407.0,2050.0
1,625,2003,Whole Year,Tapioca,307.0,1927.0
1,625,2004,Whole Year,Tapioca,522.0,2400.0
1,625,2005,Whole Year,Tapioca,356.0,1417.0
1,625,2006,Whole Year,Tapioca,298.0,1155.0
1,625,2008,Whole Year,Tapioca,251.0,915.0
1,625,2009,Whole Year,Tapioca,235.0,893.0
1,625,2010,Whole Year,Tapioca,216.0,1422.0
1,625,2011,Whole Year,Tapioca,176.0,2251.0
1,625,2012,Kharif,Tapioca,125.0,2302.0
1,625,2013,Kharif,Tapioca,89.0,1639.0
1,626,2000,Whole Year,Tapioca,203.0,1567.0
1,626,2001,Whole Year,Tapioca,182.0,1506.0
1,626,2002,Whole Year,Tapioca,226.0,1368.0
1,626,2003,Whole Year,Tapioca,174.0,1092.0
1,626,2004,Whole Year,Tapioca,156.0,1138.0
1,626,2005,Whole Year,Tapioca,76.0,627.0
1,626,2006,Whole Year,Tapioca,69.0,732.0
1,626,2008,Whole Year,Tapioca,29.0,360.0
1,626,2009,Whole Year,Tapioca,5.0,65.0
1,626,2010,Whole Year,Tapioca,16.0,105.0
1,626,2011,Whole Year,Tapioca,12.0,120.0
1,626,2012,Kharif,Tapioca,12.0,221.0
1,633,2000,Whole Year,Tapioca,32.0,245.0
1,633,2002,Whole Year,Tapioca,2.0,12.0
1,633,2008,Whole Year,Tapioca,55.0,683.0
1,633,2009,Whole Year,Tapioca,18.0,235.0
1,633,2010,Whole Year,Tapioca,83.0,547.0
1,633,2011,Whole Year,Tapioca,84.0,840.0
1,633,2012,Kharif,Tapioca,83.0,1528.0
1,633,2013,Kharif,Tapioca,75.0,1381.0
3,41,2005,Whole Year,Tapioca,92.0,649.0
3,41,2006,Whole Year,Tapioca,197.0,1389.0
3,41,2007,Whole Year,Tapioca,142.0,1001.0
3,41,2008,Whole Year,Tapioca,189.0,1332.0
3,41,2009,Whole Year,Tapioca,192.0,1354.0
3,41,2010,Whole Year,Tapioca,210.0,1481.0
3,41,2011,Kharif,Tapioca,275.0,2441.0
3,41,2012,Kharif,Tapioca,240.0,2156.0
3,41,2013,Kharif,Tapioca,320.0,2875.0
3,41,2014,Kharif,Tapioca,320.0,2875.0
3,64,1997,Whole Year,Tapioca,42.0,210.0
3,64,1998,Whole Year,Tapioca,42.0,210.0
3,64,1999,Whole Year,Tapioca,42.0,210.0
3,64,2000,Whole Year,Tapioca,41.0,205.0
3,64,2001,Whole Year,Tapioca,46.0,230.0
3,64,2002,Whole Year,Tapioca,86.0,430.0
3,64,2003,Whole Year,Tapioca,56.0,280.0
3,64,2005,Whole Year,Tapioca,33.0,165.0
3,64,2006,Whole Year,Tapioca,28.0,140.0
3,64,2007,Whole Year,Tapioca,21.0,105.0
3,64,2008,Whole Year,Tapioca,81.0,405.0
3,64,2009,Whole Year,Tapioca,13.0,65.0
3,64,2010,Whole Year,Tapioca,406.0,2030.0
3,64,2011,Kharif,Tapioca,28.0,230.0
3,64,2012,Kharif,Tapioca,22.0,183.0
3,64,2013,Kharif,Tapioca,19.0,158.0
3,64,2014,Kharif,Tapioca,20.0,169.0
3,95,1997,Whole Year,Tapioca,130.0,554.0
3,95,1998,Whole Year,Tapioca,115.0,489.0
3,95,1999,Whole Year,Tapioca,119.0,506.0
3,95,2000,Whole Year,Tapioca,126.0,536.0
3,95,2001,Whole Year,Tapioca,140.0,596.0
3,95,2002,Whole Year,Tapioca,155.0,660.0
3,95,2003,Whole Year,Tapioca,217.0,926.0
3,95,2005,Whole Year,Tapioca,163.0,696.0
3,95,2006,Whole Year,Tapioca,101.0,429.0
3,95,2007,Whole Year,Tapioca,87.0,369.0
3,95,2008,Whole Year,Tapioca,153.0,653.0
3,95,2009,Whole Year,Tapioca,59.0,249.0
3,95,2010,Whole Year,Tapioca,74.0,313.0
3,95,2011,Kharif,Tapioca,78.0,731.0
3,95,2012,Kharif,Tapioca,78.0,755.0
3,95,2013,Kharif,Tapioca,73.0,706.0
3,95,2014,Kharif,Tapioca,73.0,699.0
3,103,1997,Whole Year,Tapioca,30.0,122.0
3,103,1998,Whole Year,Tapioca,30.0,129.0
3,103,1999,Whole Year,Tapioca,30.0,129.0
3,103,2000,Whole Year,Tapioca,32.0,138.0
3,103,2001,Whole Year,Tapioca,32.0,138.0
3,103,2002,Whole Year,Tapioca,32.0,138.0
3,103,2003,Whole Year,Tapioca,32.0,138.0
3,103,2005,Whole Year,Tapioca,30.0,129.0
3,103,2006,Whole Year,Tapioca,30.0,129.0
3,103,2007,Whole Year,Tapioca,31.0,133.0
3,103,2008,Whole Year,Tapioca,31.0,133.0
3,103,2009,Whole Year,Tapioca,30.0,129.0
3,103,2010,Whole Year,Tapioca,13.0,56.0
3,103,2011,Kharif,Tapioca,20.0,167.0
3,103,2012,Kharif,Tapioca,22.0,203.0
3,103,2013,Kharif,Tapioca,23.0,212.0
3,103,2014,Kharif,Tapioca,25.0,231.0
3,119,2005,Whole Year,Tapioca,130.0,556.0
3,119,2006,Whole Year,Tapioca,310.0,1313.0
3,119,2007,Whole Year,Tapioca,310.0,1315.0
3,119,2008,Whole Year,Tapioca,333.0,1490.0
3,119,2009,Whole Year,Tapioca,331.0,1429.0
3,119,2010,Whole Year,Tapioca,773.0,3361.0
3,119,2011,Kharif,Tapioca,741.0,3594.0
3,119,2012,Kharif,Tapioca,705.0,3560.0
3,119,2013,Kharif,Tapioca,187.0,944.0
3,119,2014,Kharif,Tapioca,208.0,1050.0
3,137,1997,Whole Year,Tapioca,235.0,933.0
3,137,1998,Whole Year,Tapioca,410.0,1678.0
3,137,1999,Whole Year,Tapioca,412.0,1685.0
3,137,2000,Whole Year,Tapioca,398.0,1618.0
3,137,2001,Whole Year,Tapioca,456.0,1847.0
3,137,2002,Whole Year,Tapioca,331.0,1363.0
3,137,2003,Whole Year,Tapioca,315.0,1297.0
3,137,2005,Whole Year,Tapioca,50.0,194.0
3,137,2006,Whole Year,Tapioca,34.0,132.0
3,137,2007,Whole Year,Tapioca,14.0,54.0
3,137,2008,Whole Year,Tapioca,13.0,50.0
3,137,2012,Kharif,Tapioca,2.0,28.0
3,137,2013,Kharif,Tapioca,2.0,17.0
3,137,2014,Kharif,Tapioca,2.0,9.0
3,152,1997,Whole Year,Tapioca,28.0,104.0
3,152,1998,Whole Year,Tapioca,28.0,104.0
3,152,1999,Whole Year,Tapioca,30.0,112.0
3,152,2000,Whole Year,Tapioca,34.0,126.0
3,152,2001,Whole Year,Tapioca,33.0,80.0
3,152,2002,Whole Year,Tapioca,29.0,95.0
3,152,2003,Whole Year,Tapioca,28.0,87.0
3,152,2005,Whole Year,Tapioca,37.0,120.0
3,152,2006,Whole Year,Tapioca,29.0,88.0
3,152,2007,Whole Year,Tapioca,28.0,84.0
3,152,2008,Whole Year,Tapioca,27.0,81.0
3,152,2009,Whole Year,Tapioca,27.0,80.0
3,152,2010,Whole Year,Tapioca,28.0,85.0
3,152,2011,Kharif,Tapioca,30.0,166.0
3,152,2012,Kharif,Tapioca,31.0,175.0
3,152,2013,Kharif,Tapioca,31.0,175.0
3,152,2014,Kharif,Tapioca,31.0,175.0
3,155,1997,Whole Year,Tapioca,159.0,502.0
3,155,1998,Whole Year,Tapioca,164.0,520.0
3,155,1999,Whole Year,Tapioca,168.0,539.0
3,155,2000,Whole Year,Tapioca,131.0,428.0
3,155,2001,Whole Year,Tapioca,114.0,378.0
3,155,2002,Whole Year,Tapioca,122.0,403.0
3,155,2003,Whole Year,Tapioca,102.0,342.0
3,155,2005,Whole Year,Tapioca,110.0,350.0
3,155,2006,Whole Year,Tapioca,83.0,263.0
3,155,2007,Whole Year,Tapioca,80.0,256.0
3,155,2008,Whole Year,Tapioca,80.0,251.0
3,155,2009,Whole Year,Tapioca,52.0,166.0
3,155,2010,Whole Year,Tapioca,25.0,84.0
3,155,2011,Kharif,Tapioca,25.0,106.0
3,155,2012,Kharif,Tapioca,22.0,116.0
3,155,2013,Kharif,Tapioca,27.0,142.0
3,155,2014,Kharif,Tapioca,27.0,142.0
3,158,1997,Whole Year,Tapioca,14.0,56.0
3,158,1998,Whole Year,Tapioca,22.0,91.0
3,158,1999,Whole Year,Tapioca,22.0,90.0
3,158,2000,Whole Year,Tapioca,22.0,90.0
3,158,2001,Whole Year,Tapioca,22.0,90.0
3,158,2002,Whole Year,Tapioca,22.0,90.0
3,158,2003,Whole Year,Tapioca,12.0,49.0
3,158,2005,Whole Year,Tapioca,14.0,57.0
3,158,2006,Whole Year,Tapioca,17.0,70.0
3,158,2007,Whole Year,Tapioca,5.0,20.0
3,158,2008,Whole Year,Tapioca,12.0,49.0
3,158,2009,Whole Year,Tapioca,12.0,49.0
3,158,2010,Whole Year,Tapioca,5.0,20.0
3,158,2011,Kharif,Tapioca,5.0,50.0
3,158,2012,Kharif,Tapioca,8.0,81.0
3,158,2013,Kharif,Tapioca,9.0,91.0
3,158,2014,Kharif,Tapioca,9.0,91.0
3,159,1997,Whole Year,Tapioca,65.0,325.0
3,159,1998,Whole Year,Tapioca,64.0,320.0
3,159,1999,Whole Year,Tapioca,60.0,300.0
3,159,2000,Whole Year,Tapioca,65.0,325.0
3,159,2001,Whole Year,Tapioca,64.0,320.0
3,159,2002,Whole Year,Tapioca,70.0,350.0
3,159,2003,Whole Year,Tapioca,66.0,330.0
3,159,2005,Whole Year,Tapioca,65.0,325.0
3,159,2006,Whole Year,Tapioca,70.0,350.0
3,159,2007,Whole Year,Tapioca,86.0,430.0
3,159,2008,Whole Year,Tapioca,84.0,420.0
3,159,2009,Whole Year,Tapioca,534.0,2670.0
3,159,2010,Whole Year,Tapioca,570.0,2850.0
3,159,2011,Kharif,Tapioca,650.0,1793.0
3,159,2012,Kharif,Tapioca,585.0,3729.0
3,159,2013,Kharif,Tapioca,313.0,1996.0
3,159,2014,Kharif,Tapioca,305.0,1945.0
3,206,1997,Whole Year,Tapioca,155.0,744.0
3,206,1998,Whole Year,Tapioca,246.0,1156.0
3,206,1999,Whole Year,Tapioca,164.0,782.0
3,206,2000,Whole Year,Tapioca,158.0,664.0
3,206,2001,Whole Year,Tapioca,150.0,683.0
3,206,2002,Whole Year,Tapioca,150.0,676.0
3,206,2003,Whole Year,Tapioca,150.0,663.0
3,206,2005,Whole Year,Tapioca,145.0,649.0
3,206,2006,Whole Year,Tapioca,150.0,669.0
3,206,2007,Whole Year,Tapioca,185.0,828.0
3,206,2008,Whole Year,Tapioca,190.0,929.0
3,206,2009,Whole Year,Tapioca,190.0,876.0
3,206,2010,Whole Year,Tapioca,200.0,932.0
3,206,2011,Kharif,Tapioca,220.0,1531.0
3,206,2012,Kharif,Tapioca,220.0,1595.0
3,206,2013,Kharif,Tapioca,250.0,1813.0
3,206,2014,Kharif,Tapioca,242.0,1757.0
3,208,1997,Whole Year,Tapioca,5.0,20.0
3,208,1998,Whole Year,Tapioca,7.0,28.0
3,208,1999,Whole Year,Tapioca,9.0,36.0
3,208,2000,Whole Year,Tapioca,8.0,32.0
3,208,2001,Whole Year,Tapioca,8.0,31.0
3,208,2002,Whole Year,Tapioca,9.0,36.0
3,208,2003,Whole Year,Tapioca,9.0,36.0
3,208,2005,Whole Year,Tapioca,10.0,40.0
3,208,2006,Whole Year,Tapioca,9.0,36.0
3,208,2007,Whole Year,Tapioca,9.0,36.0
3,208,2008,Whole Year,Tapioca,10.0,40.0
3,208,2009,Whole Year,Tapioca,11.0,43.0
3,208,2010,Whole Year,Tapioca,41.0,161.0
3,208,2011,Kharif,Tapioca,30.0,238.0
3,208,2012,Kharif,Tapioca,25.0,218.0
3,208,2013,Kharif,Tapioca,25.0,218.0
3,208,2014,Kharif,Tapioca,17.0,148.0
3,221,1997,Whole Year,Tapioca,5.0,22.0
3,221,1998,Whole Year,Tapioca,5.0,22.0
3,221,1999,Whole Year,Tapioca,5.0,22.0
3,221,2000,Whole Year,Tapioca,5.0,22.0
3,221,2001,Whole Year,Tapioca,5.0,22.0
3,221,2002,Whole Year,Tapioca,7.0,31.0
3,221,2003,Whole Year,Tapioca,7.0,31.0
3,221,2005,Whole Year,Tapioca,3.0,13.0
3,221,2006,Whole Year,Tapioca,3.0,13.0
3,221,2007,Whole Year,Tapioca,2.0,9.0
3,221,2008,Whole Year,Tapioca,3.0,14.0
3,221,2009,Whole Year,Tapioca,4.0,18.0
3,221,2010,Whole Year,Tapioca,4.0,18.0
3,221,2011,Kharif,Tapioca,4.0,32.0
3,221,2012,Kharif,Tapioca,2.0,18.0
3,221,2014,Kharif,Tapioca,1.0,9.0
3,270,1997,Whole Year,Tapioca,5.0,25.0
3,270,1998,Whole Year,Tapioca,5.0,25.0
3,270,1999,Whole Year,Tapioca,4.0,20.0
3,270,2000,Whole Year,Tapioca,5.0,25.0
3,270,2001,Whole Year,Tapioca,5.0,25.0
3,270,2002,Whole Year,Tapioca,7.0,35.0
3,270,2003,Whole Year,Tapioca,7.0,35.0
3,270,2005,Whole Year,Tapioca,9.0,45.0
3,270,2006,Whole Year,Tapioca,6.0,30.0
3,270,2007,Whole Year,Tapioca,6.0,30.0
3,270,2008,Whole Year,Tapioca,11.0,54.0
3,270,2009,Whole Year,Tapioca,4.0,20.0
3,270,2010,Whole Year,Tapioca,3.0,15.0
3,270,2011,Kharif,Tapioca,4.0,40.0
3,270,2012,Kharif,Tapioca,5.0,52.0
3,270,2013,Kharif,Tapioca,7.0,72.0
3,270,2014,Kharif,Tapioca,6.0,63.0
3,278,1997,Whole Year,Tapioca,237.0,853.0
3,278,1998,Whole Year,Tapioca,160.0,576.0
3,278,1999,Whole Year,Tapioca,159.0,572.0
3,278,2000,Whole Year,Tapioca,152.0,547.0
3,278,2001,Whole Year,Tapioca,114.0,417.0
3,278,2002,Whole Year,Tapioca,110.0,396.0
3,278,2003,Whole Year,Tapioca,101.0,366.0
3,278,2005,Whole Year,Tapioca,50.0,181.0
3,278,2006,Whole Year,Tapioca,33.0,118.0
3,278,2007,Whole Year,Tapioca,49.0,177.0
3,278,2008,Whole Year,Tapioca,51.0,184.0
3,278,2009,Whole Year,Tapioca,81.0,292.0
3,278,2010,Whole Year,Tapioca,40.0,144.0
3,278,2011,Kharif,Tapioca,41.0,318.0
3,278,2012,Kharif,Tapioca,39.0,178.0
3,278,2013,Kharif,Tapioca,43.0,196.0
3,278,2014,Kharif,Tapioca,44.0,201.0
3,279,2005,Whole Year,Tapioca,8.0,29.0
3,279,2006,Whole Year,Tapioca,10.0,37.0
3,279,2007,Whole Year,Tapioca,12.0,43.0
3,279,2008,Whole Year,Tapioca,12.0,46.0
3,279,2009,Whole Year,Tapioca,15.0,55.0
3,279,2010,Whole Year,Tapioca,15.0,56.0
3,279,2011,Kharif,Tapioca,14.0,131.0
3,279,2012,Kharif,Tapioca,15.0,143.0
3,279,2013,Kharif,Tapioca,13.0,124.0
3,279,2014,Kharif,Tapioca,12.0,115.0
3,292,1997,Whole Year,Tapioca,279.0,1480.0
3,292,1998,Whole Year,Tapioca,280.0,1485.0
3,292,1999,Whole Year,Tapioca,280.0,1457.0
3,292,2000,Whole Year,Tapioca,293.0,1546.0
3,292,2001,Whole Year,Tapioca,299.0,1503.0
3,292,2002,Whole Year,Tapioca,306.0,1542.0
3,292,2003,Whole Year,Tapioca,315.0,1588.0
3,292,2005,Whole Year,Tapioca,339.0,1709.0
3,292,2006,Whole Year,Tapioca,354.0,1807.0
3,292,2007,Whole Year,Tapioca,359.0,1817.0
3,292,2008,Whole Year,Tapioca,359.0,1820.0
3,292,2009,Whole Year,Tapioca,388.0,1971.0
3,292,2010,Whole Year,Tapioca,387.0,1963.0
3,292,2011,Kharif,Tapioca,350.0,3999.0
3,292,2012,Kharif,Tapioca,294.0,3390.0
3,292,2013,Kharif,Tapioca,321.0,3702.0
3,292,2014,Kharif,Tapioca,354.0,4083.0
3,294,1997,Whole Year,Tapioca,7.0,30.0
3,294,1998,Whole Year,Tapioca,7.0,30.0
3,294,1999,Whole Year,Tapioca,8.0,34.0
3,294,2000,Whole Year,Tapioca,6.0,26.0
3,294,2001,Whole Year,Tapioca,6.0,26.0
3,294,2005,Whole Year,Tapioca,5.0,22.0
3,294,2009,Whole Year,Tapioca,1.0,4.0
3,294,2011,Kharif,Tapioca,1.0,10.0
3,294,2012,Kharif,Tapioca,1.0,9.0
3,322,1997,Whole Year,Tapioca,585.0,2799.0
3,322,1998,Whole Year,Tapioca,720.0,3445.0
3,322,1999,Whole Year,Tapioca,807.0,3862.0
3,322,2000,Whole Year,Tapioca,852.0,4077.0
3,322,2001,Whole Year,Tapioca,885.0,4235.0
3,322,2002,Whole Year,Tapioca,869.0,4158.0
3,322,2003,Whole Year,Tapioca,903.0,4321.0
3,322,2005,Whole Year,Tapioca,802.0,3837.0
3,322,2006,Whole Year,Tapioca,726.0,3474.0
3,322,2007,Whole Year,Tapioca,736.0,3522.0
3,322,2008,Whole Year,Tapioca,736.0,3522.0
3,322,2009,Whole Year,Tapioca,746.0,3570.0
3,322,2010,Whole Year,Tapioca,736.0,3522.0
3,322,2011,Kharif,Tapioca,730.0,7297.0
3,322,2012,Kharif,Tapioca,785.0,8046.0
3,322,2013,Kharif,Tapioca,748.0,7668.0
3,322,2014,Kharif,Tapioca,825.0,9224.0
3,345,1997,Whole Year,Tapioca,25.0,106.0
3,345,1998,Whole Year,Tapioca,27.0,115.0
3,345,1999,Whole Year,Tapioca,26.0,111.0
3,345,2000,Whole Year,Tapioca,30.0,128.0
3,345,2001,Whole Year,Tapioca,28.0,119.0
3,345,2002,Whole Year,Tapioca,28.0,119.0
3,345,2003,Whole Year,Tapioca,25.0,107.0
3,345,2005,Whole Year,Tapioca,31.0,131.0
3,345,2006,Whole Year,Tapioca,31.0,132.0
3,345,2007,Whole Year,Tapioca,27.0,115.0
3,345,2008,Whole Year,Tapioca,207.0,879.0
3,345,2009,Whole Year,Tapioca,26.0,111.0
3,345,2010,Whole Year,Tapioca,127.0,540.0
3,345,2011,Kharif,Tapioca,53.0,455.0
3,345,2012,Kharif,Tapioca,49.0,426.0
3,345,2013,Kharif,Tapioca,42.0,365.0
3,345,2014,Kharif,Tapioca,22.0,191.0
3,381,1997,Whole Year,Tapioca,10.0,50.0
3,381,1998,Whole Year,Tapioca,10.0,50.0
3,381,1999,Whole Year,Tapioca,15.0,75.0
3,381,2000,Whole Year,Tapioca,10.0,50.0
3,381,2001,Whole Year,Tapioca,10.0,50.0
3,381,2002,Whole Year,Tapioca,15.0,75.0
3,381,2003,Whole Year,Tapioca,15.0,72.0
3,381,2005,Whole Year,Tapioca,20.0,97.0
3,381,2006,Whole Year,Tapioca,6.0,28.0
3,381,2007,Whole Year,Tapioca,6.0,29.0
3,381,2008,Whole Year,Tapioca,3.0,15.0
3,381,2009,Whole Year,Tapioca,3.0,14.0
3,381,2010,Whole Year,Tapioca,4.0,19.0
3,381,2011,Kharif,Tapioca,4.0,28.0
3,381,2012,Kharif,Tapioca,3.0,23.0
3,381,2013,Kharif,Tapioca,2.0,16.0
3,381,2014,Kharif,Tapioca,27.0,210.0
3,406,1997,Whole Year,Tapioca,18.0,62.0
3,406,1998,Whole Year,Tapioca,19.0,69.0
3,406,1999,Whole Year,Tapioca,21.0,74.0
3,406,2000,Whole Year,Tapioca,20.0,71.0
3,406,2001,Whole Year,Tapioca,20.0,78.0
3,406,2002,Whole Year,Tapioca,20.0,73.0
3,406,2003,Whole Year,Tapioca,20.0,74.0
3,406,2005,Whole Year,Tapioca,21.0,78.0
3,406,2006,Whole Year,Tapioca,20.0,76.0
3,406,2007,Whole Year,Tapioca,22.0,87.0
3,406,2008,Whole Year,Tapioca,27.0,109.0
3,406,2009,Whole Year,Tapioca,20.0,96.0
3,406,2010,Whole Year,Tapioca,26.0,110.0
3,406,2011,Kharif,Tapioca,96.0,889.0
3,406,2012,Kharif,Tapioca,93.0,880.0
3,406,2013,Kharif,Tapioca,93.0,879.0
3,406,2014,Kharif,Tapioca,95.0,898.0
3,412,1997,Whole Year,Tapioca,315.0,2221.0
3,412,1998,Whole Year,Tapioca,305.0,2150.0
3,412,1999,Whole Year,Tapioca,310.0,2186.0
3,412,2000,Whole Year,Tapioca,310.0,2186.0
3,412,2001,Whole Year,Tapioca,300.0,2115.0
3,412,2002,Whole Year,Tapioca,295.0,2080.0
3,412,2003,Whole Year,Tapioca,270.0,1904.0
3,412,2005,Whole Year,Tapioca,203.0,1431.0
3,412,2006,Whole Year,Tapioca,20.0,141.0
3,412,2007,Whole Year,Tapioca,18.0,127.0
3,412,2008,Whole Year,Tapioca,15.0,115.0
3,412,2009,Whole Year,Tapioca,5.0,36.0
3,412,2010,Whole Year,Tapioca,10.0,73.0
3,412,2011,Kharif,Tapioca,7.0,68.0
3,412,2012,Kharif,Tapioca,7.0,69.0
3,412,2013,Kharif,Tapioca,4.0,40.0
3,412,2014,Kharif,Tapioca,2.0,20.0
3,551,1997,Whole Year,Tapioca,12.0,47.0
3,551,1998,Whole Year,Tapioca,8.0,33.0
3,551,1999,Whole Year,Tapioca,9.0,35.0
3,551,2000,Whole Year,Tapioca,8.0,32.0
3,551,2001,Whole Year,Tapioca,8.0,32.0
3,551,2002,Whole Year,Tapioca,8.0,31.0
3,551,2003,Whole Year,Tapioca,12.0,42.0
3,551,2005,Whole Year,Tapioca,12.0,50.0
3,551,2006,Whole Year,Tapioca,12.0,42.0
3,551,2007,Whole Year,Tapioca,11.0,41.0
3,551,2008,Whole Year,Tapioca,11.0,39.0
3,551,2009,Whole Year,Tapioca,3.0,9.0
3,551,2010,Whole Year,Tapioca,9.0,37.0
3,551,2011,Kharif,Tapioca,13.0,126.0
3,551,2012,Kharif,Tapioca,15.0,149.0
3,551,2013,Kharif,Tapioca,14.0,139.0
3,551,2014,Kharif,Tapioca,14.0,139.0
3,558,1997,Whole Year,Tapioca,75.0,347.0
3,558,1998,Whole Year,Tapioca,90.0,400.0
3,558,1999,Whole Year,Tapioca,100.0,463.0
3,558,2000,Whole Year,Tapioca,109.0,498.0
3,558,2001,Whole Year,Tapioca,108.0,491.0
3,558,2002,Whole Year,Tapioca,110.0,504.0
3,558,2003,Whole Year,Tapioca,141.0,645.0
3,558,2005,Whole Year,Tapioca,144.0,658.0
3,558,2006,Whole Year,Tapioca,139.0,635.0
3,558,2007,Whole Year,Tapioca,139.0,636.0
3,558,2008,Whole Year,Tapioca,146.0,667.0
3,558,2009,Whole Year,Tapioca,147.0,672.0
3,558,2010,Whole Year,Tapioca,163.0,745.0
3,558,2011,Kharif,Tapioca,157.0,1363.0
3,558,2012,Kharif,Tapioca,309.0,2714.0
3,558,2013,Kharif,Tapioca,294.0,2582.0
3,558,2014,Kharif,Tapioca,292.0,2568.0
3,592,1997,Whole Year,Tapioca,29.0,116.0
3,592,1998,Whole Year,Tapioca,34.0,136.0
3,592,1999,Whole Year,Tapioca,36.0,144.0
3,592,2000,Whole Year,Tapioca,44.0,176.0
3,592,2001,Whole Year,Tapioca,51.0,204.0
3,592,2002,Whole Year,Tapioca,54.0,216.0
3,592,2003,Whole Year,Tapioca,70.0,280.0
3,592,2005,Whole Year,Tapioca,66.0,264.0
3,592,2006,Whole Year,Tapioca,56.0,224.0
3,592,2007,Whole Year,Tapioca,37.0,148.0
3,592,2008,Whole Year,Tapioca,38.0,152.0
3,592,2009,Whole Year,Tapioca,54.0,216.0
3,592,2010,Whole Year,Tapioca,44.0,176.0
3,592,2011,Kharif,Tapioca,23.0,207.0
3,592,2012,Kharif,Tapioca,19.0,158.0
3,592,2013,Kharif,Tapioca,28.0,234.0
3,592,2014,Kharif,Tapioca,31.0,258.0
3,603,2005,Whole Year,Tapioca,185.0,786.0
3,603,2006,Whole Year,Tapioca,197.0,837.0
3,603,2007,Whole Year,Tapioca,187.0,795.0
3,603,2008,Whole Year,Tapioca,223.0,948.0
3,603,2009,Whole Year,Tapioca,257.0,1092.0
3,603,2010,Whole Year,Tapioca,266.0,1131.0
3,603,2011,Kharif,Tapioca,276.0,2271.0
3,603,2012,Kharif,Tapioca,270.0,2252.0
3,603,2013,Kharif,Tapioca,240.0,2278.0
3,603,2014,Kharif,Tapioca,297.0,2820.0
14,52,1999,Whole Year,Tapioca,168.0,1254.0
14,52,2000,Whole Year,Tapioca,173.0,1260.0
14,52,2002,Whole Year,Tapioca,245.0,1804.0
14,52,2003,Whole Year,Tapioca,207.0,1518.0
14,52,2004,Whole Year,Tapioca,215.0,1579.0
14,52,2005,Whole Year,Tapioca,10.0,73.0
14,52,2006,Whole Year,Tapioca,3.0,22.0
14,52,2007,Whole Year,Tapioca,6.0,44.0
14,52,2008,Whole Year,Tapioca,3.0,29.0
14,52,2009,Whole Year,Tapioca,5.0,46.0
14,52,2010,Whole Year,Tapioca,5.0,55.0
14,52,2011,Whole Year,Tapioca,9.0,95.0
14,52,2012,Whole Year,Tapioca,2.0,21.0
14,52,2013,Whole Year,Tapioca,4.0,35.0
14,52,2014,Whole Year,Tapioca,6.0,54.0
14,71,2012,Whole Year,Tapioca,2.0,21.0
14,71,2013,Whole Year,Tapioca,51.0,446.0
14,74,2014,Whole Year,Tapioca,1.0,9.0
14,104,2009,Whole Year,Tapioca,2.0,19.0
14,104,2014,Whole Year,Tapioca,15.0,135.0
14,118,1999,Whole Year,Tapioca,20.0,217.0
14,118,2000,Whole Year,Tapioca,22.0,239.0
14,118,2002,Whole Year,Tapioca,32.0,348.0
14,118,2003,Whole Year,Tapioca,39.0,424.0
14,118,2004,Whole Year,Tapioca,36.0,391.0
14,118,2005,Whole Year,Tapioca,20.0,217.0
14,118,2006,Whole Year,Tapioca,20.0,217.0
14,118,2007,Whole Year,Tapioca,18.0,196.0
14,118,2008,Whole Year,Tapioca,18.0,175.0
14,118,2009,Whole Year,Tapioca,20.0,185.0
14,118,2010,Whole Year,Tapioca,15.0,166.0
14,118,2011,Whole Year,Tapioca,15.0,158.0
14,118,2012,Whole Year,Tapioca,14.0,148.0
14,131,1999,Whole Year,Tapioca,687.0,5392.0
14,131,2000,Whole Year,Tapioca,715.0,5612.0
14,131,2002,Whole Year,Tapioca,703.0,5518.0
14,131,2003,Whole Year,Tapioca,703.0,5518.0
14,131,2004,Whole Year,Tapioca,698.0,5478.0
14,131,2005,Whole Year,Tapioca,699.0,5486.0
14,131,2006,Whole Year,Tapioca,663.0,5204.0
14,131,2007,Whole Year,Tapioca,661.0,5188.0
14,131,2008,Whole Year,Tapioca,646.0,6383.0
14,131,2009,Whole Year,Tapioca,638.0,5910.0
14,131,2010,Whole Year,Tapioca,613.0,6663.0
14,131,2011,Whole Year,Tapioca,597.0,6632.0
14,131,2012,Whole Year,Tapioca,572.0,6354.0
14,131,2013,Whole Year,Tapioca,534.0,4367.0
14,131,2014,Whole Year,Tapioca,541.0,4620.0
14,228,2012,Whole Year,Tapioca,57.0,602.0
14,319,1999,Whole Year,Tapioca,15.0,302.0
14,319,2000,Whole Year,Tapioca,2.0,40.0
14,319,2002,Whole Year,Tapioca,5.0,101.0
14,319,2003,Whole Year,Tapioca,7.0,141.0
14,319,2004,Whole Year,Tapioca,9.0,181.0
14,319,2005,Whole Year,Tapioca,30.0,604.0
14,319,2006,Whole Year,Tapioca,35.0,705.0
14,319,2007,Whole Year,Tapioca,22.0,443.0
14,319,2008,Whole Year,Tapioca,25.0,292.0
14,319,2009,Whole Year,Tapioca,24.0,322.0
14,319,2010,Whole Year,Tapioca,134.0,1590.0
14,319,2011,Whole Year,Tapioca,139.0,1136.0
14,319,2012,Whole Year,Tapioca,130.0,1063.0
14,319,2013,Whole Year,Tapioca,123.0,1379.0
14,319,2014,Whole Year,Tapioca,114.0,1263.0
14,379,2004,Whole Year,Tapioca,4.0,32.0
14,379,2012,Whole Year,Tapioca,26.0,275.0
14,379,2013,Whole Year,Tapioca,2.0,17.0
14,379,2014,Whole Year,Tapioca,2.0,18.0
14,403,2006,Whole Year,Tapioca,15.0,126.0
14,403,2008,Whole Year,Tapioca,110.0,906.0
14,403,2009,Whole Year,Tapioca,115.0,965.0
14,403,2010,Whole Year,Tapioca,13.0,144.0
14,403,2011,Whole Year,Tapioca,23.0,243.0
14,403,2012,Whole Year,Tapioca,33.0,349.0
14,403,2013,Whole Year,Tapioca,2.0,17.0
14,403,2014,Whole Year,Tapioca,3.0,27.0
14,483,2007,Whole Year,Tapioca,2.0,15.0
14,483,2008,Whole Year,Tapioca,4.0,39.0
14,483,2009,Whole Year,Tapioca,4.0,37.0
14,483,2010,Whole Year,Tapioca,9.0,99.0
14,483,2011,Whole Year,Tapioca,5.0,53.0
14,483,2012,Whole Year,Tapioca,2.0,21.0
14,483,2013,Whole Year,Tapioca,4.0,35.0
14,483,2014,Whole Year,Tapioca,18.0,162.0
14,535,1999,Whole Year,Tapioca,26.0,170.0
14,535,2000,Whole Year,Tapioca,25.0,163.0
14,535,2002,Whole Year,Tapioca,12.0,78.0
14,535,2003,Whole Year,Tapioca,11.0,72.0
14,535,2004,Whole Year,Tapioca,10.0,65.0
14,535,2005,Whole Year,Tapioca,9.0,59.0
14,535,2006,Whole Year,Tapioca,8.0,52.0
14,535,2010,Whole Year,Tapioca,16.0,177.0
14,535,2011,Whole Year,Tapioca,6.0,63.0
14,600,1999,Whole Year,Tapioca,32.0,210.0
14,600,2000,Whole Year,Tapioca,20.0,131.0
14,600,2002,Whole Year,Tapioca,12.0,79.0
14,600,2003,Whole Year,Tapioca,24.0,158.0
14,600,2004,Whole Year,Tapioca,28.0,184.0
14,600,2005,Whole Year,Tapioca,15.0,99.0
14,600,2006,Whole Year,Tapioca,11.0,72.0
14,600,2007,Whole Year,Tapioca,3.0,20.0
14,600,2008,Whole Year,Tapioca,6.0,58.0
14,600,2009,Whole Year,Tapioca,14.0,130.0
14,600,2010,Whole Year,Tapioca,20.0,221.0
14,600,2011,Whole Year,Tapioca,19.0,201.0
14,600,2012,Whole Year,Tapioca,11.0,116.0
14,600,2013,Whole Year,Tapioca,20.0,175.0
14,606,2000,Whole Year,Tapioca,73.0,573.0
14,606,2002,Whole Year,Tapioca,69.0,542.0
14,606,2003,Whole Year,Tapioca,67.0,526.0
14,606,2004,Whole Year,Tapioca,66.0,518.0
14,606,2005,Whole Year,Tapioca,58.0,455.0
14,606,2006,Whole Year,Tapioca,60.0,471.0
14,606,2007,Whole Year,Tapioca,62.0,487.0
14,606,2008,Whole Year,Tapioca,60.0,582.0
14,606,2009,Whole Year,Tapioca,59.0,547.0
14,606,2010,Whole Year,Tapioca,54.0,597.0
14,606,2011,Whole Year,Tapioca,47.0,496.0
14,606,2012,Whole Year,Tapioca,43.0,454.0
14,606,2013,Whole Year,Tapioca,32.0,280.0
14,606,2014,Whole Year,Tapioca,30.0,269.0
15,10,1997,Whole Year,Tapioca,3911.0,74110.0
15,10,1998,Whole Year,Tapioca,4929.0,86808.0
15,10,1999,Whole Year,Tapioca,4524.0,90552.0
15,10,2000,Whole Year,Tapioca,4843.0,81313.0
15,10,2001,Whole Year,Tapioca,4367.0,72694.0
15,10,2002,Whole Year,Tapioca,4121.0,70944.0
15,10,2003,Whole Year,Tapioca,3602.0,85333.0
15,10,2004,Whole Year,Tapioca,3462.0,82144.0
15,10,2005,Whole Year,Tapioca,2668.0,62286.0
15,10,2006,Whole Year,Tapioca,2664.0,66790.0
15,10,2007,Whole Year,Tapioca,2516.0,70918.0
15,10,2008,Whole Year,Tapioca,3272.0,95578.0
15,10,2009,Whole Year,Tapioca,2687.0,73478.0
15,10,2010,Whole Year,Tapioca,2788.49,76992.07
15,10,2011,Whole Year,Tapioca,2450.86,61076.79
15,10,2012,Whole Year,Tapioca,2545.0,72919.0
15,10,2013,Whole Year,Tapioca,2511.0,62212.0
15,10,2014,Whole Year,Tapioca,2670.0,87834.0
15,178,1997,Whole Year,Tapioca,5732.0,134817.0
15,178,1998,Whole Year,Tapioca,5021.0,140764.0
15,178,1999,Whole Year,Tapioca,5131.0,154251.0
15,178,2000,Whole Year,Tapioca,5208.0,154559.0
15,178,2001,Whole Year,Tapioca,5777.0,143424.0
15,178,2002,Whole Year,Tapioca,5668.0,170411.0
15,178,2003,Whole Year,Tapioca,5642.0,163782.0
15,178,2004,Whole Year,Tapioca,4415.0,130038.0
15,178,2005,Whole Year,Tapioca,5636.0,182605.0
15,178,2006,Whole Year,Tapioca,6117.0,223441.0
15,178,2007,Whole Year,Tapioca,5148.0,178642.0
15,178,2008,Whole Year,Tapioca,5680.0,209906.0
15,178,2009,Whole Year,Tapioca,5265.0,228343.0
15,178,2010,Whole Year,Tapioca,5484.11,221247.66
15,178,2011,Whole Year,Tapioca,6142.77,241774.09
15,178,2012,Whole Year,Tapioca,5443.0,211550.0
15,178,2013,Whole Year,Tapioca,4975.0,205464.0
15,178,2014,Whole Year,Tapioca,5386.0,229341.0
15,239,1997,Whole Year,Tapioca,10849.0,317756.0
15,239,1998,Whole Year,Tapioca,7027.0,241324.0
15,239,1999,Whole Year,Tapioca,7775.0,251629.0
15,239,2000,Whole Year,Tapioca,7794.0,267112.0
15,239,2001,Whole Year,Tapioca,8224.0,261523.0
15,239,2002,Whole Year,Tapioca,7806.0,249774.0
15,239,2003,Whole Year,Tapioca,7350.0,274386.0
15,239,2004,Whole Year,Tapioca,5823.0,203171.0
15,239,2005,Whole Year,Tapioca,6608.0,205293.0
15,239,2006,Whole Year,Tapioca,7141.0,230842.0
15,239,2007,Whole Year,Tapioca,6374.0,211702.0
15,239,2008,Whole Year,Tapioca,7706.0,255284.0
15,239,2009,Whole Year,Tapioca,6032.0,213318.0
15,239,2010,Whole Year,Tapioca,6222.55,240290.03
15,239,2011,Whole Year,Tapioca,6317.9,261059.05
15,239,2012,Whole Year,Tapioca,6239.0,303380.0
15,239,2013,Whole Year,Tapioca,6332.0,313513.0
15,239,2014,Whole Year,Tapioca,7541.0,340911.0
15,286,1997,Whole Year,Tapioca,4173.0,101291.0
15,286,1998,Whole Year,Tapioca,4733.0,124267.0
15,286,1999,Whole Year,Tapioca,3996.0,86741.0
15,286,2000,Whole Year,Tapioca,3945.0,90706.0
15,286,2001,Whole Year,Tapioca,3420.0,73011.0
15,286,2002,Whole Year,Tapioca,3247.0,86223.0
15,286,2003,Whole Year,Tapioca,2659.0,76064.0
15,286,2004,Whole Year,Tapioca,2607.0,66969.0
15,286,2005,Whole Year,Tapioca,2442.0,63880.0
15,286,2006,Whole Year,Tapioca,2102.0,60190.0
15,286,2007,Whole Year,Tapioca,1831.0,52367.0
15,286,2008,Whole Year,Tapioca,2111.0,69013.0
15,286,2009,Whole Year,Tapioca,2083.0,77740.0
15,286,2010,Whole Year,Tapioca,1818.66,64802.22
15,286,2011,Whole Year,Tapioca,1775.81,68253.15
15,286,2012,Whole Year,Tapioca,1751.0,64224.0
15,286,2013,Whole Year,Tapioca,1553.0,60042.0
15,286,2014,Whole Year,Tapioca,2127.0,85880.0
15,298,1997,Whole Year,Tapioca,493.0,10554.0
15,298,1998,Whole Year,Tapioca,1092.0,27847.0
15,298,1999,Whole Year,Tapioca,1280.0,25479.0
15,298,2000,Whole Year,Tapioca,1373.0,27755.0
15,298,2001,Whole Year,Tapioca,1326.0,30136.0
15,298,2002,Whole Year,Tapioca,1148.0,27417.0
15,298,2003,Whole Year,Tapioca,757.0,18629.0
15,298,2004,Whole Year,Tapioca,717.0,18690.0
15,298,2005,Whole Year,Tapioca,576.0,13752.0
15,298,2006,Whole Year,Tapioca,503.0,12278.0
15,298,2007,Whole Year,Tapioca,452.0,9815.0
15,298,2008,Whole Year,Tapioca,245.0,5672.0
15,298,2009,Whole Year,Tapioca,389.0,8849.0
15,298,2010,Whole Year,Tapioca,335.26,8059.06
15,298,2011,Whole Year,Tapioca,292.1,7255.59
15,298,2012,Whole Year,Tapioca,274.0,6048.0
15,298,2013,Whole Year,Tapioca,331.0,9826.0
15,298,2014,Whole Year,Tapioca,413.0,12926.0
15,326,1997,Whole Year,Tapioca,31028.0,619474.0
15,326,1998,Whole Year,Tapioca,28005.0,532109.0
15,326,1999,Whole Year,Tapioca,25678.0,470705.0
15,326,2000,Whole Year,Tapioca,26484.0,566274.0
15,326,2001,Whole Year,Tapioca,26114.0,559896.0
15,326,2002,Whole Year,Tapioca,24065.0,556140.0
15,326,2003,Whole Year,Tapioca,22253.0,581214.0
15,326,2004,Whole Year,Tapioca,21817.0,577573.0
15,326,2005,Whole Year,Tapioca,23814.0,694984.0
15,326,2006,Whole Year,Tapioca,21863.0,596629.0
15,326,2007,Whole Year,Tapioca,21281.0,650489.0
15,326,2008,Whole Year,Tapioca,19208.0,546135.0
15,326,2009,Whole Year,Tapioca,16933.0,503095.0
15,326,2010,Whole Year,Tapioca,16172.48,454879.62
15,326,2011,Whole Year,Tapioca,16859.18,525486.18
15,326,2012,Whole Year,Tapioca,16397.0,531482.0
15,326,2013,Whole Year,Tapioca,16507.0,568257.0
15,326,2014,Whole Year,Tapioca,17028.0,661600.0
15,333,1997,Whole Year,Tapioca,4050.0,76743.0
15,333,1998,Whole Year,Tapioca,6930.0,196351.0
15,333,1999,Whole Year,Tapioca,7745.0,202980.0
15,333,2000,Whole Year,Tapioca,8749.0,256831.0
15,333,2001,Whole Year,Tapioca,7780.0,201964.0
15,333,2002,Whole Year,Tapioca,7426.0,224130.0
15,333,2003,Whole Year,Tapioca,6760.0,209915.0
15,333,2004,Whole Year,Tapioca,5740.0,162744.0
15,333,2005,Whole Year,Tapioca,5727.0,182262.0
15,333,2006,Whole Year,Tapioca,5908.0,192110.0
15,333,2007,Whole Year,Tapioca,6027.0,170248.0
15,333,2008,Whole Year,Tapioca,6272.0,221996.0
15,333,2009,Whole Year,Tapioca,5868.0,226941.0
15,333,2010,Whole Year,Tapioca,5669.92,214799.04
15,333,2011,Whole Year,Tapioca,5957.23,211343.85
15,333,2012,Whole Year,Tapioca,5284.0,187089.0
15,333,2013,Whole Year,Tapioca,5341.0,210271.0
15,333,2014,Whole Year,Tapioca,5588.0,217348.0
15,334,1997,Whole Year,Tapioca,3514.0,83893.0
15,334,1998,Whole Year,Tapioca,4182.0,92145.0
15,334,1999,Whole Year,Tapioca,4924.0,108758.0
15,334,2000,Whole Year,Tapioca,4037.0,88366.0
15,334,2001,Whole Year,Tapioca,4311.0,71503.0
15,334,2002,Whole Year,Tapioca,3964.0,77016.0
15,334,2003,Whole Year,Tapioca,3569.0,97710.0
15,334,2004,Whole Year,Tapioca,2724.0,68573.0
15,334,2005,Whole Year,Tapioca,2476.0,61311.0
15,334,2006,Whole Year,Tapioca,1963.0,45263.0
15,334,2007,Whole Year,Tapioca,2130.0,49119.0
15,334,2008,Whole Year,Tapioca,1860.0,48589.0
15,334,2009,Whole Year,Tapioca,1823.0,51171.0
15,334,2010,Whole Year,Tapioca,1805.69,47770.37
15,334,2011,Whole Year,Tapioca,1846.37,40117.23
15,334,2012,Whole Year,Tapioca,1824.0,43208.0
15,334,2013,Whole Year,Tapioca,1647.0,39934.0
15,334,2014,Whole Year,Tapioca,1826.0,53782.0
15,372,1997,Whole Year,Tapioca,9072.0,242758.0
15,372,1998,Whole Year,Tapioca,8043.0,205796.0
15,372,1999,Whole Year,Tapioca,8491.0,227107.0
15,372,2000,Whole Year,Tapioca,7508.0,185143.0
15,372,2001,Whole Year,Tapioca,7206.0,166980.0
15,372,2002,Whole Year,Tapioca,6947.0,176344.0
15,372,2003,Whole Year,Tapioca,6484.0,208078.0
15,372,2004,Whole Year,Tapioca,5060.0,155833.0
15,372,2005,Whole Year,Tapioca,5346.0,164029.0
15,372,2006,Whole Year,Tapioca,6048.0,191559.0
15,372,2007,Whole Year,Tapioca,7096.0,287438.0
15,372,2008,Whole Year,Tapioca,7533.0,292908.0
15,372,2009,Whole Year,Tapioca,5808.0,225500.0
15,372,2010,Whole Year,Tapioca,5499.89,197190.02
15,372,2011,Whole Year,Tapioca,5267.6,185161.01
15,372,2012,Whole Year,Tapioca,5010.0,185481.0
15,372,2013,Whole Year,Tapioca,4317.0,149997.0
15,372,2014,Whole Year,Tapioca,5405.0,191322.0
15,437,1997,Whole Year,Tapioca,7692.0,142187.0
15,437,1998,Whole Year,Tapioca,6815.0,156619.0
15,437,1999,Whole Year,Tapioca,6373.0,133282.0
15,437,2000,Whole Year,Tapioca,6646.0,136341.0
15,437,2001,Whole Year,Tapioca,5649.0,133313.0
15,437,2002,Whole Year,Tapioca,4960.0,105002.0
15,437,2003,Whole Year,Tapioca,3939.0,92021.0
15,437,2004,Whole Year,Tapioca,4186.0,101867.0
15,437,2005,Whole Year,Tapioca,3994.0,105321.0
15,437,2006,Whole Year,Tapioca,3643.0,97180.0
15,437,2007,Whole Year,Tapioca,3225.0,72528.0
15,437,2008,Whole Year,Tapioca,3200.0,75446.0
15,437,2009,Whole Year,Tapioca,2843.0,90428.0
15,437,2010,Whole Year,Tapioca,2474.53,68340.6
15,437,2011,Whole Year,Tapioca,2837.54,85678.57
15,437,2012,Whole Year,Tapioca,2378.0,69377.0
15,437,2013,Whole Year,Tapioca,2170.0,62837.0
15,437,2014,Whole Year,Tapioca,2631.0,78634.0
15,450,1997,Whole Year,Tapioca,7338.0,159359.0
15,450,1998,Whole Year,Tapioca,6076.0,165089.0
15,450,1999,Whole Year,Tapioca,6877.0,157998.0
15,450,2000,Whole Year,Tapioca,7681.0,167849.0
15,450,2001,Whole Year,Tapioca,8833.0,199315.0
15,450,2002,Whole Year,Tapioca,7614.0,186265.0
15,450,2003,Whole Year,Tapioca,7524.0,184733.0
15,450,2004,Whole Year,Tapioca,7991.0,226993.0
15,450,2005,Whole Year,Tapioca,7868.0,255006.0
15,450,2006,Whole Year,Tapioca,7000.0,246963.0
15,450,2007,Whole Year,Tapioca,6783.0,253419.0
15,450,2008,Whole Year,Tapioca,6454.0,235436.0
15,450,2009,Whole Year,Tapioca,6440.0,293652.0
15,450,2010,Whole Year,Tapioca,6124.23,235256.85
15,450,2011,Whole Year,Tapioca,6001.19,232745.84
15,450,2012,Whole Year,Tapioca,5420.0,214843.0
15,450,2013,Whole Year,Tapioca,5082.0,214215.0
15,450,2014,Whole Year,Tapioca,5356.0,233420.0
15,587,1997,Whole Year,Tapioca,39434.0,730475.0
15,587,1998,Whole Year,Tapioca,26631.0,566484.0
15,587,1999,Whole Year,Tapioca,25981.0,530595.0
15,587,2000,Whole Year,Tapioca,27084.0,468213.0
15,587,2001,Whole Year,Tapioca,25085.0,455574.0
15,587,2002,Whole Year,Tapioca,23922.0,392510.0
15,587,2003,Whole Year,Tapioca,20621.0,422572.0
15,587,2004,Whole Year,Tapioca,19833.0,467006.0
15,587,2005,Whole Year,Tapioca,19619.0,463702.0
15,587,2006,Whole Year,Tapioca,18122.0,418332.0
15,587,2007,Whole Year,Tapioca,16538.0,413181.0
15,587,2008,Whole Year,Tapioca,20288.0,525897.0
15,587,2009,Whole Year,Tapioca,16132.0,424015.0
15,587,2010,Whole Year,Tapioca,14261.47,409253.45
15,587,2011,Whole Year,Tapioca,14946.85,457614.43
15,587,2012,Whole Year,Tapioca,13625.0,414271.0
15,587,2013,Whole Year,Tapioca,14210.0,467512.0
15,587,2014,Whole Year,Tapioca,15754.0,586394.0
15,590,1997,Whole Year,Tapioca,3087.0,76277.0
15,590,1998,Whole Year,Tapioca,1809.0,38529.0
15,590,1999,Whole Year,Tapioca,1527.0,34226.0
15,590,2000,Whole Year,Tapioca,1637.0,41524.0
15,590,2001,Whole Year,Tapioca,1405.0,27823.0
15,590,2002,Whole Year,Tapioca,1376.0,25861.0
15,590,2003,Whole Year,Tapioca,1173.0,23744.0
15,590,2004,Whole Year,Tapioca,1972.0,46527.0
15,590,2005,Whole Year,Tapioca,1417.0,28254.0
15,590,2006,Whole Year,Tapioca,1454.0,43096.0
15,590,2007,Whole Year,Tapioca,1521.0,41049.0
15,590,2008,Whole Year,Tapioca,1117.0,35426.0
15,590,2009,Whole Year,Tapioca,924.0,28236.0
15,590,2010,Whole Year,Tapioca,1361.72,51157.69
15,590,2011,Whole Year,Tapioca,1430.99,52637.31
15,590,2012,Whole Year,Tapioca,1262.0,58693.0
15,590,2013,Whole Year,Tapioca,1290.0,53818.0
15,590,2014,Whole Year,Tapioca,1441.0,64739.0
15,630,1997,Whole Year,Tapioca,2502.0,72125.0
15,630,1998,Whole Year,Tapioca,1481.0,56023.0
15,630,1999,Whole Year,Tapioca,1620.0,57449.0
15,630,2000,Whole Year,Tapioca,1620.0,54917.0
15,630,2001,Whole Year,Tapioca,1692.0,58724.0
15,630,2002,Whole Year,Tapioca,1915.0,65180.0
15,630,2003,Whole Year,Tapioca,1964.0,102609.0
15,630,2004,Whole Year,Tapioca,2139.0,91915.0
15,630,2005,Whole Year,Tapioca,2348.0,85599.0
15,630,2006,Whole Year,Tapioca,2600.0,94326.0
15,630,2007,Whole Year,Tapioca,3068.0,95540.0
15,630,2008,Whole Year,Tapioca,2295.0,94828.0
15,630,2009,Whole Year,Tapioca,1698.0,80618.0
15,630,2010,Whole Year,Tapioca,2265.1,118922.98
15,630,2011,Whole Year,Tapioca,2371.45,117195.55
15,630,2012,Whole Year,Tapioca,2134.0,95950.0
15,630,2013,Whole Year,Tapioca,1323.0,55172.0
15,630,2014,Whole Year,Tapioca,2327.0,99788.0
18,93,2002,Whole Year,Tapioca,60.0,190.0
18,93,2003,Whole Year,Tapioca,40.0,224.0
18,110,1999,Whole Year,Tapioca,30.0,130.0
18,110,2002,Whole Year,Tapioca,100.0,575.0
18,110,2003,Whole Year,Tapioca,30.0,168.0
18,124,2002,Whole Year,Tapioca,30.0,300.0
18,124,2003,Whole Year,Tapioca,50.0,280.0
18,240,2003,Whole Year,Tapioca,12.0,67.0
18,241,2002,Whole Year,Tapioca,5.0,14.0
18,241,2003,Whole Year,Tapioca,15.0,84.0
18,523,1998,Autumn,Tapioca,30.0,130.0
18,523,2002,Whole Year,Tapioca,6.0,19.0
18,523,2003,Whole Year,Tapioca,20.0,112.0
18,577,2002,Whole Year,Tapioca,10.0,32.0
18,577,2003,Whole Year,Tapioca,52.0,291.0
18,589,2003,Whole Year,Tapioca,15.0,84.0
18,608,2002,Whole Year,Tapioca,12.0,108.0
18,608,2003,Whole Year,Tapioca,9.0,50.0
19,171,1997,Whole Year,Tapioca,1470.0,7319.0
19,171,1998,Whole Year,Tapioca,1469.0,7345.0
19,171,1999,Whole Year,Tapioca,1472.0,7472.0
19,171,2000,Whole Year,Tapioca,1478.0,7464.0
19,171,2001,Whole Year,Tapioca,1473.0,7468.0
19,171,2002,Whole Year,Tapioca,1478.0,7538.0
19,171,2003,Whole Year,Tapioca,1486.0,7528.0
19,171,2004,Whole Year,Tapioca,1471.0,7502.0
19,171,2005,Whole Year,Tapioca,1476.0,7528.0
19,171,2006,Kharif,Tapioca,1465.0,7487.0
19,171,2008,Whole Year,Tapioca,1633.0,8328.0
19,171,2009,Kharif,Tapioca,1627.0,8298.0
19,171,2010,Kharif,Tapioca,1634.0,8333.0
19,171,2011,Kharif,Tapioca,1637.0,8431.0
19,171,2012,Kharif,Tapioca,2023.0,11303.0
19,171,2013,Kharif,Tapioca,1485.0,8316.0
19,171,2014,Kharif,Tapioca,1491.0,8438.0
19,173,1997,Whole Year,Tapioca,27.0,387.0
19,173,1998,Whole Year,Tapioca,28.0,389.0
19,173,1999,Whole Year,Tapioca,29.0,396.0
19,173,2000,Whole Year,Tapioca,29.0,296.0
19,173,2001,Whole Year,Tapioca,29.0,396.0
19,173,2002,Whole Year,Tapioca,29.0,396.0
19,173,2003,Whole Year,Tapioca,30.0,409.0
19,173,2004,Whole Year,Tapioca,30.0,410.0
19,173,2005,Whole Year,Tapioca,31.0,421.0
19,173,2006,Kharif,Tapioca,31.0,422.0
19,173,2008,Whole Year,Tapioca,20.0,234.0
19,173,2009,Kharif,Tapioca,18.0,190.0
19,173,2010,Kharif,Tapioca,9.0,92.0
19,173,2011,Kharif,Tapioca,11.0,113.0
19,173,2012,Kharif,Tapioca,25.0,257.0
19,173,2013,Kharif,Tapioca,5.0,49.0
19,173,2014,Kharif,Tapioca,6.0,57.0
19,175,1997,Whole Year,Tapioca,388.0,2140.0
19,175,1998,Whole Year,Tapioca,390.0,2150.0
19,175,1999,Whole Year,Tapioca,394.0,2143.0
19,175,2000,Whole Year,Tapioca,395.0,2171.0
19,175,2001,Whole Year,Tapioca,375.0,2073.0
19,175,2002,Whole Year,Tapioca,377.0,2090.0
19,175,2003,Whole Year,Tapioca,409.0,2257.0
19,175,2004,Whole Year,Tapioca,423.0,2227.0
19,175,2005,Whole Year,Tapioca,425.0,2232.0
19,175,2006,Kharif,Tapioca,435.0,2286.0
19,175,2008,Whole Year,Tapioca,431.0,2278.0
19,175,2009,Kharif,Tapioca,428.0,2249.0
19,175,2010,Kharif,Tapioca,426.0,2232.0
19,175,2011,Kharif,Tapioca,428.0,2260.0
19,175,2012,Kharif,Tapioca,468.0,3030.0
19,175,2013,Kharif,Tapioca,496.0,3250.0
19,175,2014,Kharif,Tapioca,506.0,3374.0
19,431,2013,Kharif,Tapioca,668.0,3822.0
19,431,2014,Kharif,Tapioca,671.0,3848.0
19,496,1997,Whole Year,Tapioca,15.0,70.0
19,496,1998,Whole Year,Tapioca,10.0,50.0
19,496,1999,Whole Year,Tapioca,14.0,60.0
19,496,2000,Whole Year,Tapioca,15.0,73.0
19,496,2001,Whole Year,Tapioca,15.0,73.0
19,496,2002,Whole Year,Tapioca,15.0,73.0
19,496,2003,Whole Year,Tapioca,16.0,78.0
19,496,2004,Whole Year,Tapioca,17.0,83.0
19,496,2005,Whole Year,Tapioca,17.0,84.0
19,496,2006,Kharif,Tapioca,19.0,83.0
19,496,2008,Whole Year,Tapioca,40.0,236.0
19,496,2009,Kharif,Tapioca,38.0,222.0
19,496,2010,Kharif,Tapioca,41.0,243.0
19,496,2011,Kharif,Tapioca,43.0,259.0
19,496,2012,Kharif,Tapioca,57.0,344.0
19,496,2013,Kharif,Tapioca,60.0,366.0
19,496,2014,Kharif,Tapioca,62.0,375.0
19,561,1997,Whole Year,Tapioca,292.0,1632.0
19,561,1998,Whole Year,Tapioca,295.0,1649.0
19,561,1999,Whole Year,Tapioca,298.0,1665.0
19,561,2000,Whole Year,Tapioca,302.0,1686.0
19,561,2001,Whole Year,Tapioca,305.0,1703.0
19,561,2002,Whole Year,Tapioca,305.0,2066.0
19,561,2003,Whole Year,Tapioca,302.0,1638.0
19,561,2004,Whole Year,Tapioca,291.0,1599.0
19,561,2005,Whole Year,Tapioca,296.0,1646.0
19,561,2006,Kharif,Tapioca,287.0,1596.0
19,561,2008,Whole Year,Tapioca,281.0,1563.0
19,561,2009,Kharif,Tapioca,280.0,1557.0
19,561,2010,Kharif,Tapioca,277.0,1541.0
19,561,2011,Kharif,Tapioca,280.0,1557.0
19,561,2012,Kharif,Tapioca,308.0,2087.0
19,561,2013,Kharif,Tapioca,327.0,2241.0
19,561,2014,Kharif,Tapioca,332.0,2296.0
19,564,2013,Kharif,Tapioca,387.0,2402.0
19,564,2014,Kharif,Tapioca,392.0,2462.0
19,565,2013,Kharif,Tapioca,269.0,1687.0
19,565,2014,Kharif,Tapioca,271.0,1737.0
19,632,1997,Whole Year,Tapioca,1128.0,6280.0
19,632,1998,Whole Year,Tapioca,1130.0,6291.0
19,632,1999,Whole Year,Tapioca,1144.0,6300.0
19,632,2000,Whole Year,Tapioca,1226.0,6785.0
19,632,2001,Whole Year,Tapioca,1111.0,5522.0
19,632,2002,Whole Year,Tapioca,1103.0,5480.0
19,632,2003,Whole Year,Tapioca,1102.0,5486.0
19,632,2004,Whole Year,Tapioca,1109.0,5538.0
19,632,2005,Whole Year,Tapioca,1108.0,5561.0
19,632,2006,Kharif,Tapioca,1118.0,5623.0
19,632,2008,Whole Year,Tapioca,1140.0,5737.0
19,632,2009,Kharif,Tapioca,1167.0,5053.0
19,632,2010,Kharif,Tapioca,1144.0,5769.0
19,632,2011,Kharif,Tapioca,1153.0,5823.0
19,632,2012,Kharif,Tapioca,1381.0,7904.0
19,632,2013,Kharif,Tapioca,1082.0,6095.0
19,632,2014,Kharif,Tapioca,1094.0,6208.0
19,634,2013,Kharif,Tapioca,22.0,230.0
19,634,2014,Kharif,Tapioca,23.0,240.0
19,636,1997,Whole Year,Tapioca,639.0,3259.0
19,636,1998,Whole Year,Tapioca,641.0,3377.0
19,636,1999,Whole Year,Tapioca,671.0,3461.0
19,636,2000,Whole Year,Tapioca,665.0,3404.0
19,636,2001,Whole Year,Tapioca,663.0,3402.0
19,636,2002,Whole Year,Tapioca,651.0,3307.0
19,636,2003,Whole Year,Tapioca,629.0,3192.0
19,636,2004,Whole Year,Tapioca,634.0,3285.0
19,636,2005,Whole Year,Tapioca,636.0,3369.0
19,636,2006,Kharif,Tapioca,638.0,3373.0
19,636,2008,Whole Year,Tapioca,642.0,3397.0
19,636,2009,Kharif,Tapioca,652.0,3583.0
19,636,2010,Kharif,Tapioca,649.0,3583.0
19,636,2011,Kharif,Tapioca,651.0,3603.0
19,636,2012,Kharif,Tapioca,721.0,4824.0
19,636,2013,Kharif,Tapioca,497.0,3489.0
19,636,2014,Kharif,Tapioca,501.0,3516.0
20,7,1997,Whole Year,Tapioca,255.0,5981.0
20,7,1998,Kharif,Tapioca,269.0,1788.0
20,7,2001,Whole Year,Tapioca,126.0,574.0
20,7,2002,Whole Year,Tapioca,42.0,273.0
20,7,2003,Whole Year,Tapioca,17.0,220.0
20,7,2009,Kharif,Tapioca,20.0,331.0
20,108,1997,Whole Year,Tapioca,53.0,310.0
20,108,1998,Kharif,Tapioca,45.0,90.0
20,108,2001,Whole Year,Tapioca,92.0,112.0
20,108,2002,Whole Year,Tapioca,95.0,143.0
20,108,2005,Kharif,Tapioca,10.0,92.0
20,108,2009,Kharif,Tapioca,95.0,141.0
20,324,1997,Whole Year,Tapioca,90.0,185.0
20,324,1998,Kharif,Tapioca,90.0,185.0
20,324,2001,Whole Year,Tapioca,20.0,160.0
20,324,2002,Whole Year,Tapioca,25.0,280.0
20,324,2003,Whole Year,Tapioca,12.0,134.0
20,324,2004,Kharif,Tapioca,19.0,191.0
20,324,2005,Kharif,Tapioca,15.0,155.0
20,324,2008,Kharif,Tapioca,3.0,1.0
20,324,2009,Kharif,Tapioca,26.0,317.0
20,350,2005,Kharif,Tapioca,82.0,122.0
20,350,2009,Kharif,Tapioca,11.0,110.0
20,360,1997,Whole Year,Tapioca,80.0,480.0
20,360,1998,Kharif,Tapioca,82.0,482.0
20,360,2001,Whole Year,Tapioca,69.0,633.0
20,360,2002,Whole Year,Tapioca,70.0,634.0
20,360,2003,Whole Year,Tapioca,44.0,215.0
20,360,2004,Kharif,Tapioca,38.0,167.0
20,360,2005,Kharif,Tapioca,91.0,473.0
20,360,2008,Kharif,Tapioca,48.0,252.0
20,360,2009,Kharif,Tapioca,42.0,498.0
20,375,2003,Whole Year,Tapioca,66.0,121.0
20,375,2004,Kharif,Tapioca,20.0,136.0
20,375,2005,Kharif,Tapioca,17.0,157.0
20,375,2007,Kharif,Tapioca,63.0,82.0
20,375,2008,Kharif,Tapioca,14.0,33.0
20,507,2005,Kharif,Tapioca,85.0,223.0
21,160,2007,Kharif,Tapioca,80.0,1840.0
21,160,2008,Kharif,Tapioca,150.0,3450.0
21,160,2009,Kharif,Tapioca,150.0,1730.0
21,160,2010,Kharif,Tapioca,90.0,2120.0
21,160,2011,Kharif,Tapioca,100.0,2330.0
21,160,2012,Kharif,Tapioca,120.0,2430.0
21,160,2013,Kharif,Tapioca,120.0,2430.0
21,160,2014,Kharif,Tapioca,140.0,2830.0
21,316,2008,Kharif,Tapioca,100.0,2300.0
21,316,2009,Kharif,Tapioca,180.0,2050.0
21,316,2010,Kharif,Tapioca,100.0,2350.0
21,316,2011,Kharif,Tapioca,100.0,2350.0
21,316,2012,Kharif,Tapioca,120.0,2400.0
21,316,2013,Kharif,Tapioca,130.0,2630.0
21,316,2014,Kharif,Tapioca,140.0,2830.0
21,321,2007,Kharif,Tapioca,80.0,1910.0
21,321,2008,Kharif,Tapioca,150.0,3450.0
21,321,2009,Kharif,Tapioca,240.0,2740.0
21,321,2010,Kharif,Tapioca,140.0,3300.0
21,321,2011,Kharif,Tapioca,140.0,3300.0
21,321,2012,Kharif,Tapioca,160.0,3240.0
21,321,2013,Kharif,Tapioca,160.0,3240.0
21,321,2014,Kharif,Tapioca,170.0,3440.0
21,355,2008,Kharif,Tapioca,60.0,1380.0
21,355,2009,Kharif,Tapioca,160.0,1830.0
21,355,2010,Kharif,Tapioca,80.0,1900.0
21,355,2011,Kharif,Tapioca,90.0,2100.0
21,355,2012,Kharif,Tapioca,110.0,2200.0
21,355,2013,Kharif,Tapioca,110.0,2200.0
21,355,2014,Kharif,Tapioca,110.0,2200.0
21,392,2007,Kharif,Tapioca,100.0,2310.0
21,392,2008,Kharif,Tapioca,510.0,11750.0
21,392,2009,Kharif,Tapioca,660.0,5590.0
21,392,2010,Kharif,Tapioca,560.0,13150.0
21,392,2011,Kharif,Tapioca,580.0,13700.0
21,392,2012,Kharif,Tapioca,610.0,12390.0
21,392,2013,Kharif,Tapioca,640.0,12940.0
21,392,2014,Kharif,Tapioca,660.0,13360.0
21,393,2007,Kharif,Tapioca,70.0,1620.0
21,393,2008,Kharif,Tapioca,100.0,2300.0
21,393,2009,Kharif,Tapioca,200.0,2240.0
21,393,2010,Kharif,Tapioca,120.0,2810.0
21,393,2011,Kharif,Tapioca,120.0,2810.0
21,393,2012,Kharif,Tapioca,140.0,2830.0
21,393,2013,Kharif,Tapioca,140.0,2830.0
21,393,2014,Kharif,Tapioca,140.0,2830.0
21,456,2008,Kharif,Tapioca,120.0,2760.0
21,456,2009,Kharif,Tapioca,160.0,1830.0
21,456,2010,Kharif,Tapioca,90.0,2110.0
21,456,2011,Kharif,Tapioca,100.0,2330.0
21,456,2012,Kharif,Tapioca,130.0,2610.0
21,456,2013,Kharif,Tapioca,130.0,2610.0
21,456,2014,Kharif,Tapioca,130.0,2610.0
21,457,2007,Kharif,Tapioca,60.0,1380.0
21,457,2008,Kharif,Tapioca,80.0,1860.0
21,457,2009,Kharif,Tapioca,200.0,2280.0
21,457,2010,Kharif,Tapioca,120.0,2820.0
21,457,2011,Kharif,Tapioca,120.0,2820.0
21,457,2012,Kharif,Tapioca,140.0,2830.0
21,457,2013,Kharif,Tapioca,150.0,3040.0
21,457,2014,Kharif,Tapioca,160.0,3240.0
21,599,2007,Kharif,Tapioca,60.0,1380.0
21,599,2008,Kharif,Tapioca,120.0,2750.0
21,599,2009,Kharif,Tapioca,270.0,3080.0
21,599,2010,Kharif,Tapioca,170.0,3990.0
21,599,2011,Kharif,Tapioca,170.0,3990.0
21,599,2012,Kharif,Tapioca,180.0,3650.0
21,599,2013,Kharif,Tapioca,210.0,4250.0
21,599,2014,Kharif,Tapioca,210.0,4250.0
21,640,2007,Kharif,Tapioca,70.0,1600.0
21,640,2008,Kharif,Tapioca,100.0,2300.0
21,640,2009,Kharif,Tapioca,120.0,1390.0
21,640,2010,Kharif,Tapioca,60.0,1410.0
21,640,2011,Kharif,Tapioca,70.0,1650.0
21,640,2012,Kharif,Tapioca,120.0,2420.0
21,640,2013,Kharif,Tapioca,140.0,2830.0
21,640,2014,Kharif,Tapioca,150.0,3030.0
21,645,2007,Kharif,Tapioca,80.0,1820.0
21,645,2008,Kharif,Tapioca,110.0,2580.0
21,645,2009,Kharif,Tapioca,200.0,2290.0
21,645,2010,Kharif,Tapioca,120.0,2830.0
21,645,2011,Kharif,Tapioca,120.0,2830.0
21,645,2012,Kharif,Tapioca,140.0,2810.0
21,645,2013,Kharif,Tapioca,150.0,3040.0
21,645,2014,Kharif,Tapioca,160.0,3240.0
23,290,1999,Whole Year,Tapioca,1.0,15.0
23,367,1998,Kharif,Tapioca,18.0,180.0
23,367,1999,Whole Year,Tapioca,16.0,160.0
23,367,2000,Whole Year,Tapioca,17.0,136.0
23,367,2001,Whole Year,Tapioca,18.0,153.0
23,367,2002,Whole Year,Tapioca,16.0,130.0
23,367,2003,Whole Year,Tapioca,15.0,150.0
23,367,2006,Kharif,Tapioca,16.0,208.0
23,367,2007,Kharif,Tapioca,10.0,128.0
23,367,2008,Kharif,Tapioca,6.0,60.0
23,367,2009,Kharif,Tapioca,6.0,57.0
23,367,2009,Rabi,Tapioca,2.0,18.0
23,367,2010,Kharif,Tapioca,5.0,64.0
23,367,2011,Kharif,Tapioca,4.0,50.0
23,460,1998,Kharif,Tapioca,631.0,18930.0
23,460,1999,Whole Year,Tapioca,348.0,10396.0
23,460,2000,Whole Year,Tapioca,325.0,9549.0
23,460,2001,Whole Year,Tapioca,446.0,15387.0
23,460,2002,Whole Year,Tapioca,421.0,13367.0
23,460,2003,Whole Year,Tapioca,552.0,16566.0
23,460,2006,Kharif,Tapioca,341.0,13933.0
23,460,2007,Kharif,Tapioca,323.0,13243.0
23,460,2007,Rabi,Tapioca,6.0,245.0
23,460,2008,Kharif,Tapioca,294.0,8820.0
23,460,2008,Rabi,Tapioca,1.0,29.0
23,460,2009,Kharif,Tapioca,236.0,6712.0
23,460,2009,Rabi,Tapioca,1.0,26.0
23,460,2010,Kharif,Tapioca,251.0,4719.0
23,460,2010,Rabi,Tapioca,3.0,57.0
23,460,2011,Kharif,Tapioca,241.0,6014.0
23,460,2011,Rabi,Tapioca,1.0,24.0
23,460,2012,Kharif,Tapioca,181.0,4319.0
23,460,2012,Rabi,Tapioca,7.0,120.0
23,460,2013,Kharif,Tapioca,166.0,4980.0
23,460,2013,Rabi,Tapioca,17.0,424.0
23,460,2014,Kharif,Tapioca,188.0,4782.0
23,460,2014,Rabi,Tapioca,17.0,432.0
25,8,1999,Whole Year,Tapioca,3.0,4.0
25,15,1999,Whole Year,Tapioca,14.0,56.0
25,58,1999,Whole Year,Tapioca,4.0,3.0
25,79,1999,Whole Year,Tapioca,27.0,78.0
25,82,1999,Whole Year,Tapioca,9.0,24.0
25,100,1999,Whole Year,Tapioca,5.0,9.0
25,123,1999,Whole Year,Tapioca,6.0,12.0
25,139,1999,Whole Year,Tapioca,5.0,5.0
25,223,1999,Whole Year,Tapioca,2.0,2.0
25,245,1999,Whole Year,Tapioca,1.0,4.0
25,264,1999,Whole Year,Tapioca,1.0,3.0
25,291,1999,Whole Year,Tapioca,11.0,22.0
25,332,1999,Whole Year,Tapioca,3.0,2.0
25,482,1999,Whole Year,Tapioca,1.0,1.0
25,521,1999,Whole Year,Tapioca,11.0,22.0
25,598,1999,Whole Year,Tapioca,5.0,17.0
27,30,2008,Whole Year,Tapioca,258.0,
27,30,2009,Whole Year,Tapioca,257.0,8858.0
27,30,2011,Whole Year,Tapioca,273.0,10282.0
27,30,2013,Whole Year,Tapioca,189.0,5655.0
27,126,1997,Whole Year,Tapioca,1320.0,49510.0
27,126,1998,Whole Year,Tapioca,1526.0,56679.0
27,126,1999,Whole Year,Tapioca,834.0,29595.0
27,126,2000,Whole Year,Tapioca,1236.0,43860.0
27,126,2002,Whole Year,Tapioca,518.0,15576.0
27,126,2003,Whole Year,Tapioca,459.0,14224.0
27,126,2004,Whole Year,Tapioca,579.0,23894.0
27,126,2005,Whole Year,Tapioca,848.0,32403.0
27,126,2006,Whole Year,Tapioca,1173.0,47343.0
27,126,2007,Whole Year,Tapioca,1123.0,47394.0
27,126,2008,Whole Year,Tapioca,797.0,43875.0
27,126,2009,Whole Year,Tapioca,600.0,21061.0
27,126,2011,Whole Year,Tapioca,652.0,24556.0
27,126,2013,Whole Year,Tapioca,340.0,10174.0
27,128,1997,Whole Year,Tapioca,6743.0,263850.0
27,128,1998,Whole Year,Tapioca,4895.0,191537.0
27,128,1999,Whole Year,Tapioca,3599.0,131065.0
27,128,2000,Whole Year,Tapioca,3706.0,134961.0
27,128,2002,Whole Year,Tapioca,4923.0,205397.0
27,128,2003,Whole Year,Tapioca,5168.0,177563.0
27,128,2004,Whole Year,Tapioca,6967.0,277465.0
27,128,2005,Whole Year,Tapioca,5745.0,165559.0
27,128,2006,Whole Year,Tapioca,4226.0,298001.0
27,128,2007,Whole Year,Tapioca,4057.0,126522.0
27,128,2008,Whole Year,Tapioca,3315.0,154648.0
27,128,2009,Whole Year,Tapioca,3080.0,102733.0
27,128,2011,Whole Year,Tapioca,3404.0,101408.0
27,128,2013,Whole Year,Tapioca,3252.0,124710.0
27,150,1997,Whole Year,Tapioca,15842.0,636970.0
27,150,1998,Whole Year,Tapioca,16469.0,662169.0
27,150,1999,Whole Year,Tapioca,22781.0,828484.0
27,150,2000,Whole Year,Tapioca,18014.0,655121.0
27,150,2002,Whole Year,Tapioca,14712.0,305811.0
27,150,2003,Whole Year,Tapioca,16274.0,330953.0
27,150,2004,Whole Year,Tapioca,22029.0,1095224.0
27,150,2005,Whole Year,Tapioca,24067.0,962448.0
27,150,2006,Whole Year,Tapioca,29091.0,932824.0
27,150,2007,Whole Year,Tapioca,26585.0,1215185.0
27,150,2008,Whole Year,Tapioca,23189.0,668794.0
27,150,2009,Whole Year,Tapioca,22779.0,661723.0
27,150,2011,Whole Year,Tapioca,18049.0,588414.0
27,150,2013,Whole Year,Tapioca,17635.0,409393.0
27,163,1997,Whole Year,Tapioca,361.0,13540.0
27,163,1998,Whole Year,Tapioca,133.0,4940.0
27,163,1999,Whole Year,Tapioca,294.0,10433.0
27,163,2000,Whole Year,Tapioca,683.0,24237.0
27,163,2002,Whole Year,Tapioca,205.0,6476.0
27,163,2003,Whole Year,Tapioca,175.0,5896.0
27,163,2004,Whole Year,Tapioca,154.0,6355.0
27,163,2005,Whole Year,Tapioca,237.0,9056.0
27,163,2006,Whole Year,Tapioca,255.0,10292.0
27,163,2007,Whole Year,Tapioca,291.0,12281.0
27,163,2008,Whole Year,Tapioca,253.0,9227.0
27,163,2009,Whole Year,Tapioca,386.0,13305.0
27,163,2011,Whole Year,Tapioca,640.0,24103.0
27,163,2013,Whole Year,Tapioca,152.0,4548.0
27,179,1997,Whole Year,Tapioca,7748.0,362040.0
27,179,1998,Whole Year,Tapioca,5037.0,235359.0
27,179,1999,Whole Year,Tapioca,2882.0,125079.0
27,179,2000,Whole Year,Tapioca,6624.0,287482.0
27,179,2002,Whole Year,Tapioca,3745.0,76725.0
27,179,2003,Whole Year,Tapioca,3834.0,136176.0
27,179,2004,Whole Year,Tapioca,4039.0,153407.0
27,179,2005,Whole Year,Tapioca,6364.0,316161.0
27,179,2006,Whole Year,Tapioca,8958.0,468565.0
27,179,2007,Whole Year,Tapioca,8345.0,375618.0
27,179,2008,Whole Year,Tapioca,8395.0,413762.0
27,179,2009,Whole Year,Tapioca,8670.0,308313.0
27,179,2011,Whole Year,Tapioca,5892.0,237160.0
27,179,2013,Whole Year,Tapioca,4794.0,180844.0
27,280,1997,Whole Year,Tapioca,7.0,260.0
27,280,1998,Whole Year,Tapioca,32.0,1188.0
27,280,1999,Whole Year,Tapioca,3.0,106.0
27,280,2000,Whole Year,Tapioca,13.0,461.0
27,280,2002,Whole Year,Tapioca,7.0,221.0
27,280,2003,Whole Year,Tapioca,4.0,135.0
27,280,2004,Whole Year,Tapioca,3.0,124.0
27,280,2006,Whole Year,Tapioca,5.0,202.0
27,280,2007,Whole Year,Tapioca,6.0,253.0
27,280,2008,Whole Year,Tapioca,8.0,292.0
27,280,2009,Whole Year,Tapioca,16.0,551.0
27,280,2011,Whole Year,Tapioca,92.0,3465.0
27,280,2013,Whole Year,Tapioca,133.0,3980.0
27,285,1997,Whole Year,Tapioca,9715.0,219600.0
27,285,1998,Whole Year,Tapioca,9453.0,213685.0
27,285,1999,Whole Year,Tapioca,12576.0,323962.0
27,285,2000,Whole Year,Tapioca,8179.0,210694.0
27,285,2002,Whole Year,Tapioca,7405.0,211442.0
27,285,2003,Whole Year,Tapioca,8681.0,191188.0
27,285,2004,Whole Year,Tapioca,7378.0,213132.0
27,285,2005,Whole Year,Tapioca,7693.0,261914.0
27,285,2006,Whole Year,Tapioca,7868.0,273407.0
27,285,2007,Whole Year,Tapioca,7614.0,318557.0
27,285,2008,Whole Year,Tapioca,6965.0,177691.0
27,285,2009,Whole Year,Tapioca,6202.0,189581.0
27,285,2011,Whole Year,Tapioca,2712.0,115400.0
27,285,2013,Whole Year,Tapioca,1038.0,36303.0
27,297,1997,Whole Year,Tapioca,304.0,13040.0
27,297,1998,Whole Year,Tapioca,249.0,9248.0
27,297,1999,Whole Year,Tapioca,147.0,5663.0
27,297,2000,Whole Year,Tapioca,447.0,17219.0
27,297,2002,Whole Year,Tapioca,680.0,21480.0
27,297,2003,Whole Year,Tapioca,1384.0,46629.0
27,297,2004,Whole Year,Tapioca,1752.0,72301.0
27,297,2005,Whole Year,Tapioca,2191.0,83720.0
27,297,2006,Whole Year,Tapioca,2606.0,105179.0
27,297,2007,Whole Year,Tapioca,2839.0,119814.0
27,297,2008,Whole Year,Tapioca,2516.0,91761.0
27,297,2009,Whole Year,Tapioca,3022.0,105024.0
27,297,2011,Whole Year,Tapioca,2362.0,100938.0
27,297,2013,Whole Year,Tapioca,1113.0,33328.0
27,336,2003,Whole Year,Tapioca,434.0,8826.0
27,336,2004,Whole Year,Tapioca,943.0,46884.0
27,336,2005,Whole Year,Tapioca,1186.0,45318.0
27,336,2006,Whole Year,Tapioca,1949.0,78662.0
27,336,2007,Whole Year,Tapioca,1558.0,32305.0
27,336,2008,Whole Year,Tapioca,1439.0,52482.0
27,336,2009,Whole Year,Tapioca,1293.0,44567.0
27,336,2011,Whole Year,Tapioca,1321.0,49753.0
27,336,2013,Whole Year,Tapioca,429.0,9089.0
27,363,1997,Whole Year,Tapioca,56.0,2100.0
27,363,1998,Whole Year,Tapioca,2.0,74.0
27,363,1999,Whole Year,Tapioca,25.0,887.0
27,363,2000,Whole Year,Tapioca,73.0,2590.0
27,363,2002,Whole Year,Tapioca,98.0,3096.0
27,363,2003,Whole Year,Tapioca,123.0,4144.0
27,363,2004,Whole Year,Tapioca,65.0,2682.0
27,363,2005,Whole Year,Tapioca,52.0,1987.0
27,363,2006,Whole Year,Tapioca,36.0,1453.0
27,363,2007,Whole Year,Tapioca,39.0,1646.0
27,363,2008,Whole Year,Tapioca,73.0,2662.0
27,363,2009,Whole Year,Tapioca,68.0,2344.0
27,363,2011,Whole Year,Tapioca,105.0,3955.0
27,363,2013,Whole Year,Tapioca,73.0,2184.0
27,407,1997,Whole Year,Tapioca,67.0,2510.0
27,407,1998,Whole Year,Tapioca,115.0,4271.0
27,407,1999,Whole Year,Tapioca,206.0,7310.0
27,407,2000,Whole Year,Tapioca,145.0,5145.0
27,407,2002,Whole Year,Tapioca,160.0,5055.0
27,407,2003,Whole Year,Tapioca,159.0,5357.0
27,407,2004,Whole Year,Tapioca,163.0,6727.0
27,407,2005,Whole Year,Tapioca,214.0,8177.0
27,407,2006,Whole Year,Tapioca,181.0,7305.0
27,407,2007,Whole Year,Tapioca,158.0,6668.0
27,407,2008,Whole Year,Tapioca,129.0,4705.0
27,407,2009,Whole Year,Tapioca,126.0,4343.0
27,407,2011,Whole Year,Tapioca,193.0,7269.0
27,407,2013,Whole Year,Tapioca,96.0,2873.0
27,414,1997,Whole Year,Tapioca,15706.0,609510.0
27,414,1998,Whole Year,Tapioca,8666.0,321872.0
27,414,1999,Whole Year,Tapioca,13692.0,544052.0
27,414,2000,Whole Year,Tapioca,25900.0,1029137.0
27,414,2002,Whole Year,Tapioca,6827.0,312351.0
27,414,2003,Whole Year,Tapioca,17511.0,798839.0
27,414,2004,Whole Year,Tapioca,18068.0,827090.0
27,414,2005,Whole Year,Tapioca,22325.0,1076497.0
27,414,2006,Whole Year,Tapioca,25520.0,1236457.0
27,414,2007,Whole Year,Tapioca,28445.0,1210020.0
27,414,2008,Whole Year,Tapioca,28312.0,1237518.0
27,414,2009,Whole Year,Tapioca,26856.0,1007100.0
27,414,2011,Whole Year,Tapioca,27037.0,981818.0
27,414,2013,Whole Year,Tapioca,16872.0,586088.0
27,455,1997,Whole Year,Tapioca,2571.0,110300.0
27,455,1998,Whole Year,Tapioca,1873.0,69567.0
27,455,1999,Whole Year,Tapioca,1716.0,66439.0
27,455,2000,Whole Year,Tapioca,1954.0,75654.0
27,455,2002,Whole Year,Tapioca,2578.0,120981.0
27,455,2003,Whole Year,Tapioca,3048.0,102691.0
27,455,2004,Whole Year,Tapioca,4500.0,244916.0
27,455,2005,Whole Year,Tapioca,4082.0,160325.0
27,455,2006,Whole Year,Tapioca,2573.0,107892.0
27,455,2007,Whole Year,Tapioca,2466.0,156923.0
27,455,2008,Whole Year,Tapioca,1129.0,60716.0
27,455,2009,Whole Year,Tapioca,923.0,48570.0
27,455,2011,Whole Year,Tapioca,1691.0,63688.0
27,455,2013,Whole Year,Tapioca,1369.0,89958.0
27,465,1997,Whole Year,Tapioca,21.0,790.0
27,465,1998,Whole Year,Tapioca,17.0,631.0
27,465,1999,Whole Year,Tapioca,11.0,390.0
27,465,2000,Whole Year,Tapioca,14.0,497.0
27,465,2002,Whole Year,Tapioca,16.0,505.0
27,465,2003,Whole Year,Tapioca,17.0,573.0
27,465,2004,Whole Year,Tapioca,21.0,867.0
27,465,2005,Whole Year,Tapioca,21.0,802.0
27,465,2006,Whole Year,Tapioca,91.0,3673.0
27,465,2007,Whole Year,Tapioca,34.0,1435.0
27,465,2008,Whole Year,Tapioca,36.0,1313.0
27,465,2009,Whole Year,Tapioca,46.0,1586.0
27,465,2011,Whole Year,Tapioca,50.0,1883.0
27,465,2013,Whole Year,Tapioca,57.0,1706.0
27,484,2013,Whole Year,Tapioca,19.0,569.0
27,508,1997,Whole Year,Tapioca,27511.0,1067620.0
27,508,1998,Whole Year,Tapioca,19218.0,745793.0
27,508,1999,Whole Year,Tapioca,22166.0,786627.0
27,508,2000,Whole Year,Tapioca,28970.0,1028087.0
27,508,2002,Whole Year,Tapioca,11828.0,326310.0
27,508,2003,Whole Year,Tapioca,23852.0,804827.0
27,508,2004,Whole Year,Tapioca,19873.0,757232.0
27,508,2005,Whole Year,Tapioca,27007.0,908741.0
27,508,2006,Whole Year,Tapioca,29096.0,1080501.0
27,508,2007,Whole Year,Tapioca,30370.0,1178658.0
27,508,2008,Whole Year,Tapioca,25891.0,839930.0
27,508,2009,Whole Year,Tapioca,23057.0,749227.0
27,508,2011,Whole Year,Tapioca,17084.0,865062.0
27,508,2013,Whole Year,Tapioca,14419.0,317727.0
27,550,1997,Whole Year,Tapioca,11.0,410.0
27,550,2003,Whole Year,Tapioca,14.0,472.0
27,550,2004,Whole Year,Tapioca,26.0,1073.0
27,550,2005,Whole Year,Tapioca,10.0,382.0
27,550,2006,Whole Year,Tapioca,3.0,121.0
27,550,2007,Whole Year,Tapioca,3.0,127.0
27,550,2008,Whole Year,Tapioca,3.0,109.0
27,550,2013,Whole Year,Tapioca,5.0,150.0
27,583,1997,Whole Year,Tapioca,80.0,3000.0
27,583,1998,Whole Year,Tapioca,31.0,1151.0
27,583,1999,Whole Year,Tapioca,59.0,2094.0
27,583,2000,Whole Year,Tapioca,156.0,5536.0
27,583,2002,Whole Year,Tapioca,40.0,1264.0
27,583,2003,Whole Year,Tapioca,53.0,1785.0
27,583,2004,Whole Year,Tapioca,113.0,4663.0
27,583,2005,Whole Year,Tapioca,199.0,7604.0
27,583,2006,Whole Year,Tapioca,272.0,10978.0
27,583,2007,Whole Year,Tapioca,225.0,9496.0
27,583,2008,Whole Year,Tapioca,315.0,11488.0
27,583,2009,Whole Year,Tapioca,266.0,9169.0
27,583,2011,Whole Year,Tapioca,174.0,6553.0
27,583,2013,Whole Year,Tapioca,124.0,3710.0
27,584,1997,Whole Year,Tapioca,89.0,3340.0
27,584,1998,Whole Year,Tapioca,61.0,2265.0
27,584,1999,Whole Year,Tapioca,2482.0,88075.0
27,584,2000,Whole Year,Tapioca,91.0,3229.0
27,584,2002,Whole Year,Tapioca,102.0,3222.0
27,584,2003,Whole Year,Tapioca,70.0,2358.0
27,584,2004,Whole Year,Tapioca,68.0,2806.0
27,584,2005,Whole Year,Tapioca,58.0,2216.0
27,584,2006,Whole Year,Tapioca,72.0,2906.0
27,584,2007,Whole Year,Tapioca,65.0,2745.0
27,584,2008,Whole Year,Tapioca,71.0,2589.0
27,584,2009,Whole Year,Tapioca,83.0,2861.0
27,584,2011,Whole Year,Tapioca,55.0,2075.0
27,584,2013,Whole Year,Tapioca,57.0,1706.0
27,585,1997,Whole Year,Tapioca,28.0,1050.0
27,585,1998,Whole Year,Tapioca,41.0,1523.0
27,585,1999,Whole Year,Tapioca,19.0,674.0
27,585,2000,Whole Year,Tapioca,132.0,4684.0
27,585,2002,Whole Year,Tapioca,28.0,885.0
27,585,2003,Whole Year,Tapioca,8.0,270.0
27,585,2004,Whole Year,Tapioca,9.0,371.0
27,585,2005,Whole Year,Tapioca,17.0,650.0
27,585,2006,Whole Year,Tapioca,28.0,1130.0
27,585,2007,Whole Year,Tapioca,60.0,2532.0
27,585,2008,Whole Year,Tapioca,115.0,4194.0
27,585,2009,Whole Year,Tapioca,284.0,9789.0
27,585,2011,Whole Year,Tapioca,1049.0,39508.0
27,585,2013,Whole Year,Tapioca,899.0,54123.0
27,586,1997,Whole Year,Tapioca,115.0,4320.0
27,586,1998,Whole Year,Tapioca,31.0,1151.0
27,586,1999,Whole Year,Tapioca,42.0,1490.0
27,586,2000,Whole Year,Tapioca,90.0,3194.0
27,586,2002,Whole Year,Tapioca,128.0,4043.0
27,586,2003,Whole Year,Tapioca,28.0,943.0
27,586,2004,Whole Year,Tapioca,124.0,5117.0
27,586,2005,Whole Year,Tapioca,67.0,2560.0
27,586,2006,Whole Year,Tapioca,70.0,2825.0
27,586,2007,Whole Year,Tapioca,25.0,1055.0
27,586,2008,Whole Year,Tapioca,44.0,1605.0
27,586,2009,Whole Year,Tapioca,102.0,3516.0
27,586,2011,Whole Year,Tapioca,85.0,3201.0
27,586,2013,Whole Year,Tapioca,48.0,1436.0
27,588,1997,Whole Year,Tapioca,134.0,5030.0
27,588,1998,Whole Year,Tapioca,93.0,3454.0
27,588,1999,Whole Year,Tapioca,145.0,5145.0
27,588,2000,Whole Year,Tapioca,49.0,1739.0
27,588,2002,Whole Year,Tapioca,24.0,758.0
27,588,2003,Whole Year,Tapioca,136.0,4582.0
27,588,2004,Whole Year,Tapioca,67.0,2765.0
27,588,2005,Whole Year,Tapioca,140.0,5350.0
27,588,2006,Whole Year,Tapioca,42.0,1695.0
27,588,2007,Whole Year,Tapioca,207.0,8736.0
27,588,2008,Whole Year,Tapioca,227.0,8279.0
27,588,2009,Whole Year,Tapioca,212.0,7307.0
27,588,2011,Whole Year,Tapioca,125.0,4708.0
27,588,2013,Whole Year,Tapioca,152.0,4548.0
27,594,1997,Whole Year,Tapioca,5257.0,225530.0
27,594,1998,Whole Year,Tapioca,5482.0,235183.0
27,594,1999,Whole Year,Tapioca,4155.0,176513.0
27,594,2000,Whole Year,Tapioca,6243.0,265215.0
27,594,2002,Whole Year,Tapioca,5510.0,261040.0
27,594,2003,Whole Year,Tapioca,5418.0,227965.0
27,594,2004,Whole Year,Tapioca,6013.0,286721.0
27,594,2005,Whole Year,Tapioca,5771.0,231603.0
27,594,2006,Whole Year,Tapioca,6544.0,314401.0
27,594,2007,Whole Year,Tapioca,7493.0,394577.0
27,594,2008,Whole Year,Tapioca,5340.0,311576.0
27,594,2009,Whole Year,Tapioca,5232.0,285835.0
27,594,2011,Whole Year,Tapioca,5976.0,322363.0
27,594,2013,Whole Year,Tapioca,4573.0,179833.0
27,595,1997,Whole Year,Tapioca,261.0,9790.0
27,595,1998,Whole Year,Tapioca,209.0,7763.0
27,595,1999,Whole Year,Tapioca,146.0,5181.0
27,595,2000,Whole Year,Tapioca,149.0,5287.0
27,595,2002,Whole Year,Tapioca,170.0,5370.0
27,595,2003,Whole Year,Tapioca,131.0,4414.0
27,595,2004,Whole Year,Tapioca,150.0,6190.0
27,595,2005,Whole Year,Tapioca,141.0,5388.0
27,595,2006,Whole Year,Tapioca,153.0,6175.0
27,595,2007,Whole Year,Tapioca,146.0,6162.0
27,595,2008,Whole Year,Tapioca,172.0,6273.0
27,595,2009,Whole Year,Tapioca,171.0,5894.0
27,595,2011,Whole Year,Tapioca,210.0,7908.0
27,595,2013,Whole Year,Tapioca,115.0,3441.0
27,596,2008,Whole Year,Tapioca,1294.0,
27,596,2009,Whole Year,Tapioca,1522.0,45741.0
27,596,2011,Whole Year,Tapioca,878.0,25823.0
27,596,2013,Whole Year,Tapioca,229.0,6524.0
27,597,1997,Whole Year,Tapioca,168.0,6300.0
27,597,1998,Whole Year,Tapioca,384.0,14262.0
27,597,1999,Whole Year,Tapioca,224.0,7949.0
27,597,2000,Whole Year,Tapioca,308.0,10930.0
27,597,2002,Whole Year,Tapioca,605.0,19112.0
27,597,2003,Whole Year,Tapioca,1617.0,54479.0
27,597,2004,Whole Year,Tapioca,2345.0,96773.0
27,597,2005,Whole Year,Tapioca,3415.0,137852.0
27,597,2006,Whole Year,Tapioca,4267.0,179866.0
27,597,2007,Whole Year,Tapioca,3650.0,154041.0
27,597,2008,Whole Year,Tapioca,2264.0,78044.0
27,597,2009,Whole Year,Tapioca,1989.0,93336.0
27,597,2011,Whole Year,Tapioca,2361.0,88922.0
27,597,2013,Whole Year,Tapioca,2404.0,89320.0
27,601,1997,Whole Year,Tapioca,27.0,1010.0
27,601,1998,Whole Year,Tapioca,4.0,148.0
27,601,1999,Whole Year,Tapioca,16.0,568.0
27,601,2000,Whole Year,Tapioca,13.0,461.0
27,601,2002,Whole Year,Tapioca,4.0,126.0
27,601,2003,Whole Year,Tapioca,5.0,168.0
27,601,2004,Whole Year,Tapioca,2.0,83.0
27,601,2005,Whole Year,Tapioca,10.0,382.0
27,601,2006,Whole Year,Tapioca,10.0,404.0
27,601,2007,Whole Year,Tapioca,11.0,464.0
27,601,2008,Whole Year,Tapioca,6.0,219.0
27,601,2009,Whole Year,Tapioca,8.0,276.0
27,601,2011,Whole Year,Tapioca,23.0,866.0
27,601,2013,Whole Year,Tapioca,18.0,539.0
27,621,1997,Whole Year,Tapioca,46.0,1730.0
27,621,1998,Whole Year,Tapioca,31.0,1151.0
27,621,1999,Whole Year,Tapioca,4.0,142.0
27,621,2000,Whole Year,Tapioca,9.0,319.0
27,621,2002,Whole Year,Tapioca,98.0,3096.0
27,621,2003,Whole Year,Tapioca,121.0,4077.0
27,621,2004,Whole Year,Tapioca,58.0,2394.0
27,621,2005,Whole Year,Tapioca,114.0,4356.0
27,621,2006,Whole Year,Tapioca,291.0,11745.0
27,621,2007,Whole Year,Tapioca,459.0,19371.0
27,621,2008,Whole Year,Tapioca,331.0,12072.0
27,621,2009,Whole Year,Tapioca,375.0,12926.0
27,621,2011,Whole Year,Tapioca,579.0,21807.0
27,621,2013,Whole Year,Tapioca,213.0,6373.0
27,623,1997,Whole Year,Tapioca,9489.0,275940.0
27,623,1998,Whole Year,Tapioca,4294.0,124870.0
27,623,1999,Whole Year,Tapioca,8938.0,277486.0
27,623,2000,Whole Year,Tapioca,6483.0,201269.0
27,623,2002,Whole Year,Tapioca,7517.0,235465.0
27,623,2003,Whole Year,Tapioca,6268.0,270869.0
27,623,2004,Whole Year,Tapioca,15071.0,426149.0
27,623,2005,Whole Year,Tapioca,15141.0,425722.0
27,623,2006,Whole Year,Tapioca,14219.0,450263.0
27,623,2007,Whole Year,Tapioca,13798.0,508878.0
27,623,2008,Whole Year,Tapioca,11376.0,336149.0
27,623,2009,Whole Year,Tapioca,11013.0,343699.0
27,623,2011,Whole Year,Tapioca,12264.0,264335.0
27,623,2013,Whole Year,Tapioca,12705.0,328328.0
27,624,1997,Whole Year,Tapioca,7.0,260.0
27,624,1999,Whole Year,Tapioca,3.0,106.0
27,624,2002,Whole Year,Tapioca,23.0,727.0
27,624,2003,Whole Year,Tapioca,30.0,1011.0
27,624,2004,Whole Year,Tapioca,9.0,371.0
27,624,2005,Whole Year,Tapioca,7.0,267.0
27,624,2006,Whole Year,Tapioca,29.0,1171.0
27,624,2007,Whole Year,Tapioca,20.0,844.0
27,624,2008,Whole Year,Tapioca,38.0,1386.0
27,624,2009,Whole Year,Tapioca,9.0,310.0
27,624,2011,Whole Year,Tapioca,14.0,528.0
27,624,2013,Whole Year,Tapioca,4.0,120.0
28,307,2010,Whole Year,Tapioca,2.0,13.0
28,366,2000,Whole Year,Tapioca,1.0,8.0
28,489,2000,Whole Year,Tapioca,60.0,459.0
28,489,2002,Whole Year,Tapioca,9.0,0.0
28,489,2003,Whole Year,Tapioca,6.0,38.0
